id,Domain,Status,Attractiveness,Demand,Length,Registrar,Created,Expires
901f13d2-1bbe-4a7e-8213-bdbbf1cdae96,abactinal.associates,available,50,1,9,,,
5bc7ab5b-9c4d-4e81-92c3-062b1e9f02f5,abaft.associates,available,43,2,5,,,
edbdbd83-6325-49af-8d62-f2c3c7be9cf0,abandoned.associates,available,58,10,9,,,
45647009-0bbb-4263-b9ae-4af14efcbc59,abashed.associates,available,60,2,7,,,
95e14276-a080-4374-8046-a11859b7ce10,abasic.associates,available,54,2,6,,,
7f7b4d5e-82b1-40a4-84f9-fbbc395cfe44,abatable.associates,available,54,1,8,,,
80167e59-9339-444f-9a9f-7f13b9938d66,abatic.associates,available,54,2,6,,,
e5902a4b-84c6-4929-afb1-841a567e603b,abaxial.associates,available,54,2,7,,,
040eed86-d506-4809-bb75-13a79ec4f53a,abbatial.associates,available,50,1,8,,,
f5a84e21-430a-42c1-adaa-22cbb7d17ef2,abdicable.associates,available,50,1,9,,,
0fd78df3-8f04-45e3-ab55-c053c4a8ae00,abdominal.associates,available,82,2,9,,,
a954e541-6125-4421-b541-1239eea0964c,abdominous.associates,available,56,1,10,,,
b47876ba-8e21-4f39-b054-b8238525ba81,abducens.associates,available,54,1,8,,,
0d88d9dc-d0ee-497a-9d90-ff37857bba36,abducent.associates,available,68,1,8,,,
07e0c48d-bc73-432c-9d0e-d6b3b208154c,abducting.associates,available,50,1,9,,,
c5c3e675-3e0f-44b8-9e6a-cd02f9120a37,abenaki.associates,available,82,3,7,,,
6c8be345-4ea5-461a-8dc3-75e4a6f0404f,aberdonian.associates,available,68,1,10,,,
9805d095-613b-4cae-a932-7564076b1dd6,aberrant.associates,available,74,7,8,,,
8f675cd3-689a-4518-8391-cd2993fc212c,abeyant.associates,available,56,2,7,,,
d7b2b2e7-3aff-4a7b-9e98-157733ae3b54,abhorrent.associates,available,54,1,9,,,
c73da513-8cc4-49f3-a987-fb488ef34e1e,abiding.associates,available,106,5,7,,,
a0eb473c-2df2-4050-98d0-8d6b8b4b0633,abient.associates,available,54,1,6,,,
3ccee2c1-0f64-4b9e-9a5e-d5e35e799172,abject.associates,available,94,8,6,,,
45c64262-4e4d-4ba9-8e36-4f4ee07e5007,abkhas.associates,available,68,1,6,,,
82c80bf8-acbf-4752-b50a-739e03ae6f78,abkhasian.associates,available,78,1,9,,,
b3bd5b8b-e1e9-4646-a8e4-06c5c531c145,abkhaz.associates,available,82,2,6,,,
00731281-b8c0-45da-bb6a-37d8077de81a,abkhazian.associates,available,78,1,9,,,
38ad62aa-262a-46e1-a1b1-1a2a4e858cc4,ablated.associates,available,52,2,7,,,
8c620f21-2105-484f-bdf3-a0f6e37ae25e,ablative.associates,available,68,3,8,,,
259342d8-0bd8-4b89-b659-9a6cd21e912c,ablaze.associates,available,72,6,6,,,
4ea46dfe-30de-4547-bfb6-9a57785abab6,abloom.associates,available,72,5,6,,,
df66d877-ee43-4333-bd91-cdb334a7c765,abnaki.associates,available,68,2,6,,,
cfad2f48-927f-473f-8755-7c90ddb7c85b,abnormal.associates,available,74,16,8,,,
c032fd28-0c0d-4358-aa81-b29057ed0b2b,abo.associates,available,62,15,3,,,
dbcc5fa7-a1c8-4c75-b6d4-1030eaa0f0f8,abomasal.associates,available,50,1,8,,,
4c3393fe-60a8-4863-9e98-08ecb7cad2f2,abominable.associates,available,52,3,10,,,
64b99fd6-16de-436e-a8ce-cfdd88d404c5,aboral.associates,available,54,2,6,,,
0e907035-30fb-4158-b83f-54e88205eb8c,aboriginal.associates,available,86,8,10,,,
c61f3378-3ed4-4e08-9948-268b3015b481,aborigine.associates,available,62,2,9,,,
98f2b2b1-0bc5-4a33-8e14-5932d1ceaf1f,aborticide.associates,available,50,1,10,,,
b778508b-61aa-4548-8727-aa2c796f3251,abortive.associates,available,90,1,8,,,
25ed4f8a-727c-426a-9cfc-6761bf65a836,aboulic.associates,available,52,2,7,,,
105bede3-35be-46a0-aeac-c4cfc78c9c6c,abounding.associates,available,78,2,9,,,
d8b8486e-0241-426c-9999-623187ae89ad,about.associates,premium,94,28,5,,,
b57742cc-eea6-4b96-a418-6cdead02acc5,above.associates,available,112,22,5,,,
9caabd95-7f6e-48d5-926a-4b6cc0898cef,aboveboard.associates,available,60,5,10,,,
bf459e35-3d6e-48cf-95bb-18f916115758,abradant.associates,available,70,1,8,,,
32aa768d-c178-4821-be37-d28b8569778c,abranchial.associates,available,50,1,10,,,
8703a2d7-c125-49fa-8b7d-48765f71ab57,abrasive.associates,available,76,6,8,,,
a77851ae-8c28-419b-baf2-6fc5f6250f6f,abreast.associates,available,72,3,7,,,
f68c1aaf-bf42-4ee7-82bb-d32f51ca7192,abridged.associates,available,58,5,8,,,
d4a33de7-b291-480b-91e7-46037ed0611a,abroach.associates,available,82,1,7,,,
bbe29d87-02c7-4db7-a4ad-0525c91b82e7,abroad.associates,available,92,12,6,,,
a90a2702-1235-4442-a8fd-dd3014cc6681,abrupt.associates,available,100,4,6,,,
1d0a4e59-a907-4487-ac56-5b55f083b10a,abscessed.associates,available,41,1,9,,,
f44252d4-1e82-44e6-ac53-0838334b242c,absent.associates,available,102,8,6,,,
5fd36220-d8eb-47b4-aeb9-752a0ef2c845,absolutist.associates,available,72,2,10,,,
771bbec9-819c-4839-8f91-8b46862fb605,absolved.associates,available,64,2,8,,,
c4bba576-9fe3-4deb-bcdc-cf0f9e3ee69e,absorbable.associates,available,80,1,10,,,
dfe88471-dbe1-4600-a595-38ae70a989b0,absorbed.associates,available,72,2,8,,,
5609573d-582a-4415-96b0-ebc24d3f0cc1,absorbent.associates,available,82,3,9,,,
734f8c2c-1c50-4fe9-83f2-dd2324d485de,absorbing.associates,available,70,3,9,,,
d9e13b34-9ce9-4ac7-ad92-f7fba3527e6c,absorptive.associates,available,78,1,10,,,
f3b36a5c-ca14-4920-aad1-cdaf5b33005f,abstainer.associates,available,60,1,9,,,
2213f61c-13d2-4283-a945-b58b77061b34,abstemious.associates,available,60,1,10,,,
d0e30f81-0e52-41dd-a0c4-80f306217fda,abstinent.associates,available,66,1,9,,,
d84bffc8-4173-41f9-9577-b3abcfe5aa76,abstract.associates,available,108,28,8,,,
caba47f5-3590-4629-ad6f-334e918cba9d,abstracted.associates,available,48,6,10,,,
eabdffb9-f4e5-45b0-955a-fc0e1e182196,abstruse.associates,available,52,3,8,,,
f4bb9a80-4132-49ab-8fc9-96eb7f779b9d,absurd.associates,available,80,17,6,,,
55b85cb1-72a1-4fda-a9af-aadb1cb07389,abulic.associates,available,70,2,6,,,
b9798085-d552-4e45-b98c-5632a2080ce5,abundant.associates,available,80,19,8,,,
9940fee7-2f43-4258-9ed4-45a0cdcc9306,abused.associates,available,58,5,6,,,
652b7ceb-c300-46df-b001-fb25dac56975,abusive.associates,available,52,3,7,,,
a3d1ad03-1414-4811-8e25-9ad69426e48b,abuzz.associates,available,58,5,5,,,
0b43f89b-467a-41cf-afdb-eb3e5e95d5ce,abysmal.associates,available,52,4,7,,,
e1bf2555-4f51-43fa-bf7c-96197f246004,abyssal.associates,available,48,13,7,,,
f1ec5355-efb5-4e18-9e27-3a45b85bf023,academic.associates,available,96,20,8,,,
78a3352a-63dd-4810-8be4-21010b9a7044,acanthoid.associates,available,46,1,9,,,
b3c84fe7-f2a8-4e31-a98e-a38f9a9fb512,acanthotic.associates,available,46,1,10,,,
b3e14ef5-eece-478c-a0bc-fd925130d056,acanthous.associates,available,46,1,9,,,
d33d8bb7-d9d2-4de6-9926-2eb0a2332a80,acapnial.associates,available,46,1,8,,,
4c889298-46fc-4ecf-9035-05ebc0ad55f7,acapnic.associates,available,50,1,7,,,
90692ef4-e210-49fa-9a04-b67f18a49da5,acapnotic.associates,available,50,1,9,,,
7dee5cb4-5d03-4edc-8622-aa4599bcc54e,acappella.associates,available,66,6,10,,,
deafa1fb-211d-4601-9bdc-137dbeb5afd0,acarpelous.associates,available,46,1,10,,,
c0805097-be84-4b49-bba0-e048c95cfb87,acarpous.associates,available,46,1,8,,,
b000ddf7-49d7-4d52-82ef-f5afc2715238,acaudal.associates,available,50,1,7,,,
cac25ab5-7141-47f0-907c-b0175c073e36,acaudate.associates,available,46,1,8,,,
430f0d61-9d59-420c-9427-8abc72e7bf6b,accented.associates,available,58,2,8,,,
a46be4f9-3711-4476-ac35-c864ed36aa6e,accentual.associates,available,54,2,9,,,
e43c13a1-5077-4bc2-94d0-0c3b0687aeed,acceptable.associates,available,78,5,10,,,
0bad2c3c-441e-42a2-bde4-9c8b5c79e853,acceptant.associates,available,78,1,9,,,
8b209fb3-9d05-4545-917f-7ad663ff262a,accepted.associates,available,78,6,8,,,
73223886-5475-41c9-a61a-6e708401fa76,accepting.associates,available,74,3,9,,,
be4e966f-25d5-404d-bae4-61219654c93e,acceptive.associates,available,60,1,9,,,
6794ac62-a616-4da8-bfb9-3aa66bef64c4,accessary.associates,available,66,1,9,,,
fbf2c734-0c95-4bf9-a297-4be021b99231,accessible.associates,available,78,21,10,,,
c3e6d537-bb12-4135-91a6-6edf33359089,accessory.associates,available,84,9,9,,,
025966f6-4622-432c-bacb-a5afd65caa28,accidental.associates,available,78,11,10,,,
db2abdbd-6691-4701-b4b2-4caa8ec4fec9,accordant.associates,available,64,3,9,,,
a4379d2a-ba48-49ee-84cd-654cb5e1029a,according.associates,available,66,4,9,,,
faeb461f-e1ba-4f2a-a9d3-29c38e14b3b9,accoutered.associates,available,56,1,10,,,
2c7da008-b789-4b5b-a984-4548c53be536,accoutred.associates,available,58,1,9,,,
b08128ec-d476-4af6-877a-5439708a36bf,accredited.associates,available,68,9,10,,,
c336b176-1d1d-4921-bc6a-712b80b482e8,accretive.associates,available,58,6,9,,,
e12b5805-c736-456b-9b87-88e24b999bce,accrued.associates,available,62,3,7,,,
22cea1d6-8266-495d-89f4-8fffdf055891,accumbent.associates,available,70,1,9,,,
1eb674aa-1828-4d88-b519-5e298a0c25c5,accurate.associates,available,78,16,8,,,
06cfa087-3467-4100-a940-545fba84c5e5,accursed.associates,available,54,3,8,,,
3ee92653-aa74-4028-89f0-864ffb773464,accurst.associates,available,40,1,7,,,
6f9f6f35-83d5-4506-b74e-1bd6522ef630,accusative.associates,available,72,1,10,,,
cd9473c2-c8a0-405d-9fbe-86d48f954aab,accusatory.associates,available,44,1,10,,,
19bb327a-c694-4b19-aad1-79fbdb046dea,accusing.associates,available,62,1,8,,,
580bf19a-2f4f-4be5-a819-f98cea015b95,accusive.associates,available,40,1,8,,,
b170b402-c149-4f9c-98f4-9cc8e1a38104,accustomed.associates,available,72,1,10,,,
c14af160-a90d-433e-bfd8-f8f7258570b5,ace.associates,premium,88,34,3,,,
65629c62-d572-4fff-8890-3009986225f2,acellular.associates,available,50,1,9,,,
9a0b0264-1719-41a3-982a-2d0680440868,acentric.associates,available,64,2,8,,,
301a0f61-a2e1-45ee-b34f-6eb942dbbf24,acephalous.associates,available,46,1,10,,,
33f61181-0eaf-4d49-a0df-0085d809255c,acerate.associates,available,68,2,7,,,
ddec65a6-1126-4872-8a2f-626ddb94d602,acerb.associates,available,50,2,5,,,
24b33fe5-bf61-4468-be08-45c755714ea2,acerbic.associates,available,50,3,7,,,
3b2b0a89-b40c-4fbf-9ff6-ea7d3d047bdb,acerose.associates,available,50,2,7,,,
2ad5f96d-0bd2-4e6d-bc33-585de70e8766,acervate.associates,available,66,1,8,,,
ef65e2ef-222b-4652-a836-8d8952e0a51d,acetabular.associates,available,46,1,10,,,
e1e870d9-acc0-4c26-8dbd-0e0b813f06a9,acetic.associates,available,58,1,6,,,
0c45371d-3b03-4017-b906-f822af241ebb,acetonic.associates,available,46,1,8,,,
73b3625b-4bee-4b27-809e-7e0a4c0638ac,acetose.associates,available,50,1,7,,,
4a8b59ac-998a-49d0-8786-70a28b3c9399,acetous.associates,available,50,1,7,,,
67471d7c-ebb3-4802-ad15-00018e42cf5e,acetylenic.associates,available,46,1,10,,,
c1243ba0-4d5f-4520-bc6c-6f6f428d609c,acetylic.associates,available,46,1,8,,,
e2b4c6ef-1d8a-49bc-bb22-09e902f0927b,achaean.associates,available,68,2,7,,,
3a6e0329-6aec-42cf-a4d3-ef756829e8cd,achaian.associates,available,68,2,7,,,
f05dbe3d-3fc3-4669-98dd-187761e5c03b,ache.associates,available,58,8,4,,,
63e7a9fd-d194-4bce-a75b-2feb57852f4e,achenial.associates,available,46,1,8,,,
e1ca85dc-0c01-48f9-adf6-1dcb86195f05,acheronian.associates,available,46,1,10,,,
8520ba80-0566-4df3-8f54-c06d482f02fb,acherontic.associates,available,44,2,10,,,
75ab825a-d70b-42e4-aa82-9cfd6a7f8c87,achievable.associates,available,74,5,10,,,
a7956f3a-ebb1-4d9a-aa67-216f1859b0fa,aching.associates,available,72,4,6,,,
1594d314-f133-4d1e-9d38-a0a9f9a1e68b,achromatic.associates,available,54,5,10,,,
ec1058ab-3f70-4f7a-b261-eafc51cda95a,achromic.associates,available,46,2,8,,,
dc67890e-01f0-4c71-9640-5e6cff0342ba,achromous.associates,available,46,1,9,,,
6d62fe89-c2a8-491c-9747-68946fab9be1,achy.associates,available,54,3,4,,,
ea79da96-6035-44b5-8300-8cf33535da30,acicular.associates,available,46,2,8,,,
b248a0d1-af25-4795-96c7-baa934f0e6ba,aciculate.associates,available,46,1,9,,,
9a6f5028-2c4f-4f0a-8f8c-d5bb0c6a90a6,acid.associates,available,88,22,4,,,
fe25eb36-8612-47ec-b1c9-b88957f50b78,acidfast.associates,available,46,1,9,,,
437f49b7-c83d-4fd0-8687-7093d41fce4c,acidic.associates,available,62,5,6,,,
2db5a558-0567-4675-95d5-9416cfa346f7,acidotic.associates,available,46,1,8,,,
041e0309-94a0-418a-a82b-448105adc23d,acidulent.associates,available,46,1,9,,,
19368e04-5825-49dd-b948-34bc05671585,acidulous.associates,available,44,1,9,,,
f3269b23-ea42-43ab-a35a-266fd74ed3f2,aciduric.associates,available,46,1,8,,,
9ba8fc82-9b44-4c3a-b74d-23fe7032af88,acinar.associates,available,50,2,6,,,
f99895db-84a9-4a64-9996-5a2deabb1b0c,acinic.associates,available,50,1,6,,,
2321bfc4-0ee6-4bed-9ba0-cef581d9abf4,acinose.associates,available,50,1,7,,,
afc6db00-ba43-443e-8f89-3b136c0a78b7,acinous.associates,available,50,1,7,,,
8232ed96-47fa-4118-aa5a-544628bf0133,ackack.associates,available,58,3,7,,,
68a61534-4a0d-4a2d-a76a-6b4017e1c0e2,acned.associates,available,43,1,5,,,
9249b731-3456-4a14-8131-4e22067855aa,acneiform.associates,available,39,1,9,,,
65323cc5-fa8f-4a1b-a269-e30fea02a666,acold.associates,available,51,2,5,,,
827561b7-207c-477d-8610-f6ddf657cf43,acoustic.associates,available,76,14,8,,,
9dd3553f-e7c0-4060-a362-e18dd503bf3d,acoustical.associates,available,54,5,10,,,
bfaa67da-dd8b-430f-9ead-24ac6ac4d20a,acquirable.associates,available,47,2,10,,,
bcc500c6-c48d-4141-a4b0-bcfd9731e53e,acquired.associates,available,47,8,8,,,
a954a390-5988-4e45-bc95-da2b4e217560,acquitted.associates,available,50,1,9,,,
4611726d-6131-4a40-8994-95ea860db490,acrid.associates,available,47,2,5,,,
1e7f4705-0f70-44b1-8330-e832a778ce93,acritical.associates,available,46,1,9,,,
1ca9d872-6772-445a-a3f3-54964a3ebfef,acrobatic.associates,available,66,4,9,,,
4cab61c3-dac6-4b94-9ed9-5f230dd559c4,acrogenic.associates,available,46,1,9,,,
893ecf5b-26f2-46db-83a8-ee85bf0f90b5,acrogenous.associates,available,46,1,10,,,
7984bc5f-c6b6-4380-9b9a-c048f2a0ede0,acronymic.associates,available,46,1,9,,,
38f2dbbf-8973-48c7-8cc2-0fd8b5cca19f,acronymous.associates,available,46,2,10,,,
e88f20cf-7518-4de6-b0a5-a1d8e31dda3b,acropetal.associates,available,46,1,9,,,
14268939-1170-4c36-99b1-ef4f5eeb2dff,acrophobic.associates,available,64,1,10,,,
be5a0fdb-7493-4c23-bfd2-bed97fa6230b,acroscopic.associates,available,46,1,10,,,
bc328e14-4a5a-4c16-860a-bb67cee7ee32,actable.associates,available,50,3,7,,,
1147d1d6-626f-453d-84b6-3673e796266b,actinal.associates,available,50,1,7,,,
1848d7b0-21bf-48de-996d-3bf85ee61549,acting.associates,available,84,12,6,,,
7274efc6-3d43-4ad9-b4cf-063e04c9dcaf,actinic.associates,available,50,2,7,,,
0834e44e-faff-450e-926d-e7a1a075124b,actinide.associates,available,46,2,8,,,
02493610-7532-4a82-9019-b73af00b8e57,actinoid.associates,available,64,2,8,,,
7940b966-300c-4bb0-b9de-be4094925841,actinon.associates,available,54,2,7,,,
d54d06b6-0331-4805-9d33-540ec938e5ed,actionable.associates,available,88,13,10,,,
706295ca-9434-4a2d-93b4-7a8d7d888948,activated.associates,available,74,9,9,,,
410f856b-aa78-4e4c-a834-f1cd82f866b2,activating.associates,available,68,3,10,,,
e63a89d6-48c5-414d-b4ec-51b177e45d8b,activation.associates,available,62,16,10,,,
ace25f2d-4292-4d1d-90de-efd03f2fc87a,activist.associates,available,88,13,8,,,
cc231072-b6d7-4da6-b27a-778a58ec7ecf,activistic.associates,available,62,1,10,,,
eac2637d-8976-493e-856b-bcee74422420,actual.associates,available,96,21,6,,,
baf7022c-951f-4f5c-b84c-6c2ab544a417,actuated.associates,available,54,3,8,,,
fce23b8d-5624-47ae-be6c-555b83088de6,acuate.associates,available,74,2,6,,,
75acff11-c3c8-43e0-b543-26f22822ad58,aculeate.associates,available,68,1,8,,,
ef78024f-6e7c-4197-8180-68715668f5e9,aculeated.associates,available,50,1,9,,,
38cb1c4c-80f9-455b-ae4c-42cc5c7867ea,acuminate.associates,available,70,1,9,,,
e1121b08-8d90-4f9e-94c0-91befebff74f,acute.associates,available,112,9,5,,,
13c55296-bf2d-4a9f-9dcc-eeddaa32c959,acyclic.associates,available,58,4,7,,,
25b5ab8e-392a-4112-8c84-2f614fecdd58,adactylous.associates,available,50,1,10,,,
da4983b2-6b13-44ad-affa-aa2264a5e90e,adagio.associates,available,64,14,6,,,
169496d2-d75c-4e8a-ae0d-8fb37850c1ce,adamant.associates,available,74,14,7,,,
33a78da4-e3c2-4e2b-a483-2f00e1b1a95c,adamantine.associates,available,70,5,10,,,
9afd8bd0-bb15-4d27-a4b6-3f816b554fb8,adaptable.associates,available,76,9,9,,,
57abaf84-d21b-48ba-ae82-e6e135844664,adaptative.associates,available,72,3,10,,,
58ed0547-0ca7-4336-8c50-64375194249d,adapted.associates,available,74,7,7,,,
0795ffac-a5b9-4384-b9aa-014bad379bd6,adaxial.associates,available,54,3,7,,,
5cf4c44b-3df3-44a6-8f0e-83db78c24edf,addable.associates,available,76,3,7,,,
e2995ac9-36d2-4790-b7e0-06c8b098d8df,addible.associates,available,58,3,7,,,
d1b2193b-441f-46c9-bc14-bd221165832e,addicted.associates,available,72,10,8,,,
70a0519c-297e-439a-908c-c5c2dfa0cdcb,addictive.associates,available,90,10,9,,,
524e7a39-fee3-4c6b-ba4f-3d2b701e5005,additional.associates,available,90,9,10,,,
2830dd65-2fec-401e-b9fa-e2cac63b656f,additive.associates,available,68,13,8,,,
9ae60187-a131-4127-ac90-e29eb231a95d,addled.associates,available,56,3,6,,,
33b778e3-0615-4b9d-b186-38de528e822e,addlepated.associates,available,46,1,10,,,
f8576c1f-f60d-41e1-ac88-29a8ff94fe09,addressed.associates,available,58,3,9,,,
02079efe-4ec1-4cf1-aadf-a2774d62f920,adducent.associates,available,54,2,8,,,
c7adb7ab-0818-4642-ae5e-e74040b3012f,adducting.associates,available,54,2,9,,,
78f04d4d-d07a-4c80-b316-8c3d75d75d4d,adductive.associates,available,54,1,9,,,
38f7a351-6e5e-428f-84cd-b9580b39604a,adenoid.associates,available,74,2,7,,,
e90dddfe-fa57-42bc-897a-fa2d785a8882,adenoidal.associates,available,52,2,9,,,
302df209-5334-4596-88dd-e2a493ebdb97,adept.associates,available,92,24,5,,,
3241c44d-f294-48eb-b6f3-7c244a58b0d4,adequate.associates,available,94,10,8,,,
953e54d3-5f67-4fe9-bb3f-2c697e36d329,adherent.associates,available,76,5,8,,,
1e3efd8a-401e-4edd-be22-117c7f5d89ba,adhesive.associates,available,76,8,8,,,
b70e3864-0194-4eb1-a402-e87d2d1eec4b,adhominem.associates,available,50,3,10,,,
39e32c37-333b-453c-b290-f6f7bff3fd4e,adiabatic.associates,available,72,3,9,,,
ea085fb8-7b56-414e-a78e-4e29fc7377a2,adient.associates,available,58,5,6,,,
11369ff2-bc18-4464-b40a-58813bd855d8,adipose.associates,available,76,2,7,,,
31e92dca-ce30-42a2-a35f-b97d92595e92,adjacent.associates,available,78,9,8,,,
688ab39a-0594-4420-a433-65030ada7441,adjectival.associates,available,72,2,10,,,
3da6ca83-cfa6-4a6c-b23a-bde2f918bffc,adjective.associates,available,92,6,9,,,
36e161e6-7115-46e5-ad4e-13d953bac9b4,adjunct.associates,available,100,5,7,,,
9353d9a3-7a45-4248-9760-cdd6b2acf810,adjunctive.associates,available,72,2,10,,,
c1062336-451f-4060-a5b1-a4014a167f21,adjuratory.associates,available,54,1,10,,,
df42facf-b64b-46f1-8703-fe4cd8c383a7,adjustable.associates,available,84,4,10,,,
9572b8ab-d621-4c44-a6cc-af6c44948809,adjusted.associates,available,70,5,8,,,
4b82279f-49be-48e6-92e1-54ddfc2a6032,adjustive.associates,available,58,2,9,,,
1d338b17-443d-4528-8015-f937b7b51922,adjuvant.associates,available,62,6,8,,,
6051e049-2eb9-42fd-bf33-9d9a963b5d71,adlib.associates,available,88,7,6,,,
914f163b-41a7-4e7d-9c15-0c7d1a747697,admirable.associates,available,74,6,9,,,
8cdfa1fb-5623-4d82-90de-9eeb7c18da94,admired.associates,available,70,6,7,,,
d759952d-dbbc-4d8a-96ca-4ec1ed19326d,admissible.associates,available,62,2,10,,,
7686e357-a5e0-44f7-918a-f4a4cb0304c8,admissive.associates,available,56,2,9,,,
7a0e1783-e9a6-4d84-a263-3b5f08498f60,admittable.associates,available,56,2,10,,,
57a449d1-75d5-4661-accd-87d8f85d047a,admittible.associates,available,56,2,10,,,
d20372e8-f0b7-4997-8730-cc52f6fe307a,admonitory.associates,available,54,1,10,,,
979a14f8-5428-4a68-aaa6-d709212bc7ac,adnate.associates,available,60,2,6,,,
8744392d-68e6-4184-a46d-d02671caf423,adnexal.associates,available,60,2,7,,,
e5d9d8ed-73db-47ce-bf40-905bf6b5a325,adolescent.associates,available,86,4,10,,,
9a5ce001-2b56-4c86-aad0-74084d2efa1d,adonic.associates,available,72,3,6,,,
a7747479-1660-4afa-b71e-3cea4e5d306b,adoptable.associates,available,80,4,9,,,
e54f69be-5f64-4feb-be18-e2f71f30a9f5,adopted.associates,available,66,5,7,,,
ad4dfa21-a729-449c-ba37-cf7c7ad4fe53,adoptive.associates,available,62,2,8,,,
195da868-b1a1-4dd7-b3ec-2a3f459977a1,adorable.associates,available,78,9,8,,,
c56f31d3-28b4-40f1-8718-70ce875c62bc,adored.associates,available,70,7,6,,,
071ca0c9-51f3-406e-ad53-3d70c335aa18,adoring.associates,available,90,3,7,,,
9ec5569c-4682-4326-98b0-f66de9bf7776,adorned.associates,available,66,5,7,,,
2112da72-578e-4330-9998-5600ba60ee93,adpressed.associates,available,54,1,9,,,
eade0385-34f1-498e-959d-d8a0d985b70c,adrenal.associates,available,78,4,7,,,
792e1a94-ce28-492b-89e7-0760466e14dc,adrenergic.associates,available,74,1,10,,,
dfb5ac51-a379-4464-b6ee-ad6dd43968d6,adrift.associates,available,62,10,6,,,
4bf633cd-b501-4adb-ac51-2d1d40a6c930,adroit.associates,available,72,14,6,,,
701fc637-0556-41b8-b113-a70163cf64ad,adscript.associates,available,94,3,8,,,
c836d185-be40-46f4-ac5e-e3ba756e761b,adscripted.associates,available,54,1,10,,,
d1547959-46b9-44e6-bd91-4383a331fe61,adsorbable.associates,available,56,1,10,,,
350f342c-5fb0-450e-a4f8-ee245a7783c1,adsorbate.associates,available,60,1,9,,,
0ad4334e-91bf-4c54-8477-2fd2075b443d,adsorbent.associates,available,74,1,9,,,
ee12140a-3478-435f-9053-bed7e5d4124b,adsorptive.associates,available,74,3,10,,,
880a9f2e-1090-46d6-bfae-599f4ca9bd3f,adulatory.associates,available,50,1,9,,,
eafa85bd-764d-4257-9eb9-ac10ae8c8fa3,adult.associates,available,110,23,5,,,
96b4c765-b5d8-4cd2-8af6-e90fce21a674,adulterant.associates,available,54,1,10,,,
63aea426-d9f2-40f8-a4d0-6ddccda45711,adulterate.associates,available,74,1,10,,,
f5fedbae-913e-44a6-9acc-6a23a92609ee,adulterine.associates,available,68,1,10,,,
d75382bc-cec9-42cb-9cb4-fbe4713a3b3d,adulterous.associates,available,50,1,10,,,
59d395a4-beba-4846-a500-f684bba63232,adust.associates,available,54,2,5,,,
1d8b04a2-75c3-469d-8aa5-9baa76561f4f,advance.associates,available,110,27,7,,,
8d3bd775-ce60-4350-b273-e2ee52d06e5c,advanced.associates,available,74,25,8,,,
19a4be3b-9d6b-4fc3-9ddd-d4ecbe831410,advancing.associates,available,72,6,9,,,
7abe8a17-6047-4275-bf8f-fcf91c3b4c50,advective.associates,available,50,1,9,,,
2792937f-6ae9-4b18-b1ce-8dfd0012c4ee,adventive.associates,available,68,3,9,,,
77da91f9-ab03-4bbc-b277-1a2c509a1234,adverbial.associates,available,66,1,9,,,
29c007b5-7667-45f7-855a-b55e6ee5f779,adverse.associates,available,54,7,7,,,
57de249e-4c19-4600-af39-6151cf7a2b46,advertent.associates,available,56,1,9,,,
536bb57f-9be0-4813-9a3a-c09ea878837d,advertised.associates,available,54,3,10,,,
85af97fc-ba9c-4aec-97c8-37dadb812654,advisable.associates,available,62,3,9,,,
3c0e2571-e4a8-456e-8610-644a1e50e5a5,advised.associates,available,66,4,7,,,
22c934b8-5039-49d0-8d8c-74575bfb545c,advisory.associates,available,80,17,8,,,
15faa92f-8055-42bb-be30-8891d24fae75,adynamic.associates,available,50,1,8,,,
54b4faf9-1f9e-45a3-b3a0-a5227def1b0a,aecial.associates,available,54,1,6,,,
05f8e9e0-b1eb-42c8-8bf6-57206121f6e7,aegean.associates,available,70,13,6,,,
e533ccb0-9367-4b6c-8f1a-c581d938cdf2,aegeansea.associates,available,60,2,10,,,
484fcbf9-d41a-461d-8678-d47959a0f65f,aeolian.associates,available,72,7,7,,,
79c02680-2efe-4657-939d-cf1ffa8d14d6,aeonian.associates,available,50,6,7,,,
475fd0e6-4895-473e-a8e0-e9f5b2473aae,aerated.associates,available,68,1,7,,,
f514b1e4-56f1-4aaf-8891-5cba1eb5f681,aerial.associates,available,88,19,6,,,
8b9836d5-7ad0-416a-a0ce-40d36aa0ebce,aerie.associates,available,74,8,5,,,
6bb4c2f1-545a-4cab-a197-2f8e5e02cb15,aeriferous.associates,available,46,1,10,,,
d42287ed-7878-405e-b0a4-ea37cbe68108,aeriform.associates,available,56,3,8,,,
ae72ed10-b933-42e3-9363-7b38f6a2c7e9,aerobic.associates,available,74,5,7,,,
700a7d02-d56d-4f20-927a-e7f27aac7eb7,aerobiotic.associates,available,64,1,10,,,
27c1f36d-8349-407a-96af-6d66dc7a3fc0,aerolitic.associates,available,46,1,9,,,
aeda95a4-cb6c-4a7b-ba34-91e630fda5d3,aeronautic.associates,available,62,3,10,,,
955095d1-ad2b-4bef-bb87-d9e57db7e398,aerophilic.associates,available,64,1,10,,,
71fb2a78-2563-4a5f-860d-47522f13bb89,aery.associates,available,88,5,4,,,
894b3df2-63cc-4b1f-87bf-31c9d2e845b7,aeschylean.associates,available,46,1,10,,,
d8f223d3-599a-4e54-8118-5ff05636098c,aesthetic.associates,available,88,25,9,,,
c6878ab0-3dec-41d0-9907-b5c1709df530,aestival.associates,available,46,2,8,,,
fc21e98d-4793-478a-b749-b1f9db3a518a,aetiologic.associates,available,46,1,10,,,
8594683b-bc9a-4dd9-90f6-b71a944e8277,afebrile.associates,available,64,1,8,,,
39408790-fce0-4639-86c1-79e0e07bbf49,affable.associates,available,80,5,7,,,
5db8b850-e1b4-47cf-adec-607ec3dd0060,affected.associates,available,72,2,8,,,
bc1add6a-c72e-42d8-b023-68801738cbbb,affecting.associates,available,62,1,9,,,
142207d8-30a4-4c19-a171-589fa960a789,affective.associates,available,56,5,9,,,
304b2b60-5066-4ce7-acf5-bb84b6b0211c,afferent.associates,available,70,3,8,,,
83ac777b-7c71-40ff-a21b-de169d327c71,affinal.associates,available,50,2,7,,,
1390244f-3761-41b3-862d-b4ef4a7108e1,affine.associates,available,94,14,6,,,
7a85315a-d9f2-47da-acf8-021ea47a0f54,affined.associates,available,48,1,7,,,
3e861a13-8142-4ffb-8ad7-643ead4fe35a,affirmable.associates,available,62,1,10,,,
d55faccc-7a53-4389-98d5-f2bb8563ab01,affixal.associates,available,54,1,7,,,
f7bc7622-f8e0-46e6-a4d9-99525933fec2,affixed.associates,available,54,2,7,,,
63f60fcf-fd20-4767-b381-a11cb30a8acc,affixial.associates,available,50,1,8,,,
e2058015-cdcd-40ce-89a1-ed82c34017d2,afflicted.associates,available,54,3,9,,,
18dabf2e-a0bc-4967-83f7-71b779d12621,afflictive.associates,available,54,1,10,,,
a7921d51-d444-4d99-8706-ae5168f166e5,affluent.associates,available,88,9,8,,,
10604f39-9dc0-4062-8e3f-14c0f58bfe54,affordable.associates,available,70,19,10,,,
0b964ee4-cc32-46cd-981e-5f8f148cd322,afghan.associates,available,54,10,6,,,
4547435e-7313-4673-84e5-701a622c4691,afghani.associates,available,68,3,7,,,
ddb5029e-065a-4b87-80c7-9c561f5a6aa0,aflame.associates,available,64,4,6,,,
dad6cf65-569d-4cad-b478-730b2d1b462d,aflare.associates,available,66,3,6,,,
0c67e66a-d957-4e2e-b5b5-ca33b10df006,aflutter.associates,available,62,2,8,,,
f06d8f3f-87a9-43bf-9469-3207d24b19dc,afoot.associates,available,58,3,5,,,
3dd05d53-05dd-4974-a69b-56075fba11de,african.associates,available,68,19,7,,,
9cda2e3c-d0c9-443d-81b9-4fb5dd985b5c,afrikaans.associates,available,74,5,9,,,
e909c6d4-3bb0-4b06-9cd1-6da5075223d1,afrikander.associates,available,50,1,10,,,
a074780c-af32-4a29-af6c-1270340a04cf,afrikaner.associates,available,50,3,9,,,
7763425b-de96-4746-b262-c2c6b2d7c4a9,afroasian.associates,available,46,1,10,,,
7c0d3276-7ed5-4f33-8edb-e7bcd8db4aa6,aft.associates,available,50,14,3,,,
d42b265b-017c-4085-8948-7772330874c9,after.associates,available,100,23,5,,,
3d3b9a80-1197-4b53-8f33-3dcfe3a3b8c8,aftermost.associates,available,54,1,9,,,
02f9afe3-8155-4e74-ae48-b9abd69cdb00,afterward.associates,available,40,3,9,,,
e908b003-eb28-4a07-9c25-06afee5e2517,afterwards.associates,available,40,3,10,,,
5cd2316d-c6b6-4609-9cc9-d22d1a9bf4f3,agamic.associates,available,50,1,6,,,
aaaf05ad-79ca-459b-8963-21a72742ad43,agamous.associates,available,50,1,7,,,
83f21425-1ec9-48b2-a4c3-00bc20d9caad,agape.associates,available,94,27,5,,,
3a86ab33-22f1-4950-885a-8a9a12676273,agaze.associates,available,56,2,5,,,
a012bf6f-6b54-4360-b3e6-792f23d60fc3,aged.associates,available,90,8,4,,,
586d2eaa-bccf-4e5a-846f-99b3593a6f54,ageing.associates,available,86,4,6,,,
244c7f92-a749-4c5a-bef6-5baae29cb316,ageless.associates,available,70,21,7,,,
4b2edabb-ad63-49e4-baf5-d20ab2b6c350,agelong.associates,available,58,1,7,,,
09c97b88-1826-4f74-a7cc-59e01d820728,agential.associates,available,72,3,8,,,
37675e86-c264-4db4-ad80-7e5f2e53b2e1,ageold.associates,available,62,1,7,,,
03fb5410-ec55-4963-a181-415e69fb8dda,aggravated.associates,available,58,2,10,,,
8e3ed770-afd4-46e4-80a9-3e4f4d424326,aggregate.associates,available,96,12,9,,,
a2791c74-9634-4676-96b4-a98886c59ff5,aggregated.associates,available,56,3,10,,,
21ed9d6e-fe02-4557-9cd2-2ca4009f301a,aggressive.associates,available,84,6,10,,,
cf9e93ad-b423-49dd-b9ef-ccf3acba7986,agile.associates,resell,92,36,5,Dynadot Inc,28/12/2022 17:00,28/12/2025 17:00
c8849087-54fe-44d1-8e42-f78b7c87d82a,aging.associates,available,86,11,5,,,
e4fae964-94f5-464a-81a6-ed9a4ae7c707,agitated.associates,available,58,2,8,,,
c32e763b-408b-456d-b329-3338efb31a42,agitating.associates,available,54,1,9,,,
ba8dbf75-14e6-4da3-8743-8ef85c1fe2b7,agitative.associates,available,52,1,9,,,
b5e12ac5-125e-47ab-912c-2507a97e3cef,agleam.associates,available,60,1,6,,,
bdb76f22-0188-4b6a-98e5-64e0cced7a9e,agnate.associates,available,76,2,6,,,
f1697ee5-7cd6-4fba-943e-14158baeca7e,agnatic.associates,available,58,1,7,,,
27fd1b8a-4cfe-4bd5-95d0-821d4660339f,agnostic.associates,available,84,8,8,,,
70dabf48-cf31-4839-b7a3-fa7f308b8214,agnostical.associates,available,58,1,10,,,
e49eeca2-f341-411d-bea0-4200b84339f0,ago.associates,available,66,17,3,,,
86a92b78-6c88-4ab4-824f-c068e84344c1,agog.associates,available,76,5,4,,,
138fe509-2f3e-4348-940d-0cd280fb38bb,agonadal.associates,available,54,1,8,,,
6870c31a-6fdf-4b93-b34d-e0f32e6e5b93,agonal.associates,available,58,1,6,,,
ea72a150-8843-453c-bd56-d69c9da7dcce,agone.associates,available,56,3,5,,,
bb6ce0b5-cfad-4f4c-a917-06526f647648,agonised.associates,available,54,1,8,,,
510cb0ef-aba7-4454-930b-4517ffde1db7,agonising.associates,available,72,1,9,,,
7ad426f3-5ae7-448e-8247-2dcee3297108,agonistic.associates,available,56,1,9,,,
cb9419c0-6f0e-451a-a1c7-d1d02d5d511b,agonized.associates,available,54,1,8,,,
b338a95c-7f77-46f8-b025-b5ddcf93d969,agonizing.associates,available,72,1,9,,,
b9947a3a-21e2-44eb-ad29-f00292c95247,agraphic.associates,available,50,1,8,,,
0888cb17-364c-484c-bcf6-f4693863f9c1,agrarian.associates,available,82,3,8,,,
c2d9e4cd-b8d3-4ea0-8705-2f9b9d9430d3,agreeable.associates,available,92,3,9,,,
1764a11c-6ed3-4772-be2e-71bcbf52d19a,agreed.associates,available,96,6,6,,,
36b86b1f-c5bf-4599-83d1-9a984efa360b,agrestic.associates,available,54,1,8,,,
ad09a63f-b174-4354-80ce-b77caa6221b0,agrologic.associates,available,54,3,9,,,
56c1909b-0b06-48ec-9c42-b4366e957e85,agronomic.associates,available,54,2,9,,,
3a6df537-9baf-43fc-bee0-c9e1c708716c,aground.associates,available,60,2,7,,,
2056bea6-0929-4d37-86f1-151975b71795,agrypnotic.associates,available,68,1,10,,,
dcafd884-3529-41b4-af78-b0bc417b2bd7,aguacate.associates,available,56,6,8,,,
21a06c48-5ea4-4ca5-9452-54d034755ef2,ague.associates,available,76,1,4,,,
30cbd48d-420d-4d35-8ba0-7153f92a7e7f,aguish.associates,available,56,1,6,,,
88ef4784-b166-4240-b718-69ad78f13754,ahead.associates,available,76,23,5,,,
b84f9c94-6d27-4bb8-b05b-1524ebe52367,ahorse.associates,available,46,2,6,,,
44708f6f-862e-473d-a11b-a854b08dd437,ahorseback.associates,available,52,1,10,,,
2efd6f14-6e6d-47ee-a1a4-5634e7b4786b,aide.associates,available,80,15,4,,,
5d917d06-ce91-4066-a031-f3ab45bc27ac,aided.associates,available,72,5,5,,,
337d5f8f-9915-4380-8464-04c18ca4de03,ailing.associates,available,82,3,6,,,
5f3857d7-bd31-4b13-963f-01400308968d,aimless.associates,available,54,9,7,,,
7018481e-51f1-4a00-9c4d-420670e7e6b4,ain.associates,available,56,16,3,,,
9668e99b-bee9-4d82-85f9-4753cca969b0,airborne.associates,available,78,14,8,,,
ea2333d9-e414-44eb-ae34-138827e90061,aircooled.associates,available,64,5,10,,,
50f95309-689e-4784-bbc0-c47e8878ea88,airdried.associates,available,58,1,9,,,
152683b1-e971-4285-87ba-5eab4a7c3f11,airdry.associates,available,64,5,7,,,
a9f5e091-9373-4ef8-8f09-473d7d0e2f24,aired.associates,available,56,7,5,,,
d13333f6-c0e8-4b97-8b21-67ae76c14bc5,airfilled.associates,available,58,1,10,,,
c6aa1bdd-779a-4f17-aeb0-849dc21df933,airheaded.associates,available,48,1,9,,,
afc298d8-dfa5-4232-b6bd-a054d49ddfb4,airless.associates,available,52,5,7,,,
c632c0f1-02b0-422c-a460-8cd53ad1ad26,airlike.associates,available,68,4,7,,,
c43e898b-c0d0-49a4-9866-88927ab47434,airsick.associates,available,52,1,7,,,
f25bb041-46c8-44d2-80a5-9e26f87d5bdc,airtight.associates,available,64,8,8,,,
395cd375-7426-41cf-bacf-a6440972140f,airtoair.associates,available,58,2,10,,,
51914a6e-c5ea-429e-9d5f-78af72ce34de,airworthy.associates,available,58,3,9,,,
98df1cf6-3578-43d7-960a-33e1093bc4a5,airy.associates,available,70,9,4,,,
f6a7e5b4-dd2b-442d-9620-04513d47609b,akimbo.associates,available,66,10,6,,,
1ef5d557-f018-4241-bd46-0b043bde14f4,alabaster.associates,available,82,8,9,,,
2943fca6-b912-4d77-91d9-717ce1cee460,alacarte.associates,available,58,12,10,,,
013b4c82-3606-414b-b5c0-f328a7aaaf07,alacritous.associates,available,58,1,10,,,
573dbcec-47e7-494b-9583-33600620fe1f,alamode.associates,available,96,12,9,,,
b972ad4e-ee96-4a86-ba6c-cb8960c87f3f,alar.associates,available,60,6,4,,,
34af3af0-89cf-4286-b2d7-22a384fa8481,alarm.associates,available,84,26,5,,,
87d9d56c-f93d-47f7-8c69-f4046aee158b,alarmed.associates,available,52,3,7,,,
fd7bafa1-55ac-490e-9812-714ad0ea52d2,alarming.associates,available,46,3,8,,,
6bb344ef-6eec-459b-832f-0a45c43b1ead,alary.associates,available,56,4,5,,,
859838a8-4a26-40b8-aa30-ba3770295707,alaskan.associates,available,76,9,7,,,
18a6fb3c-59a5-41f0-8167-4032696792ea,alate.associates,available,82,2,5,,,
5a7cce6f-06ad-4bcf-899f-4f472913246f,alated.associates,available,56,2,6,,,
2d15cd0c-478d-4d70-91ac-6573b0110a95,albanian.associates,available,82,14,8,,,
542342a7-63cc-4993-9a7b-bfb903bdc29c,albescent.associates,available,54,1,9,,,
5acbb9f1-f658-453c-a31c-2bb9269f292e,albinal.associates,available,56,1,7,,,
d1cd3a75-f9e5-4eb1-bd27-9ed3d4bdbcd0,albinic.associates,available,56,1,7,,,
8e87dc74-985b-43b7-b640-5410ed178a53,albinistic.associates,available,52,1,10,,,
0eebc5b3-9374-49f2-a636-be375e9b6832,albinotic.associates,available,52,1,9,,,
f80b9d5b-5c56-441a-b73a-b24c4b62fffa,albitic.associates,available,56,1,7,,,
c0dda68f-86b0-4aee-a63a-a2c573c37af0,albuminous.associates,available,54,1,10,,,
8944c735-f160-4d91-9a3b-7b7d54cc4e7a,alchemic.associates,available,52,6,8,,,
c92122fe-3408-4729-8a7b-08da9bdbed67,alchemical.associates,available,52,8,10,,,
b11d0257-57ce-42e5-9c9d-ea77d6f88cb1,alcoholic.associates,available,72,7,9,,,
0060108e-420a-40f5-8729-7d50107f667f,aldehydic.associates,available,52,1,9,,,
b53d0008-fec4-4897-b0fc-e386b34ad9f1,aldente.associates,available,62,9,8,,,
27c58a7e-e244-4631-9fc0-38e3c2470127,aldermanic.associates,available,52,1,10,,,
90416ad3-26b0-423f-be8f-dd64c99b4308,aldermanly.associates,available,60,1,10,,,
e964ba7c-1db8-4895-92d1-7538798a677e,aleatory.associates,available,52,3,8,,,
640e438d-dd09-4806-b61c-753a3c62fb93,alert.associates,available,66,26,5,,,
d5e0d05f-58c5-482a-a78e-7f7eb190274f,aleuronic.associates,available,52,1,9,,,
eeb5b2a7-9b97-407e-bda5-a7538a677629,aleut.associates,available,84,3,5,,,
e8844c7e-2a83-4548-b3fb-698f9cd35f12,aleutian.associates,available,70,3,8,,,
057d2d1d-725d-4e30-b37d-c091c18d878f,alexic.associates,available,56,3,6,,,
240e431e-62aa-4bf4-b0bc-8016f3e8d999,alfresco.associates,available,66,8,8,,,
c74b5d5e-2758-430c-a778-d780fa5a1a71,algal.associates,available,74,2,5,,,
65b15937-bad2-4b41-8752-22360a21be29,algebraic.associates,available,52,5,9,,,
d64d1450-a29b-48d0-885f-52f369f99865,algerian.associates,available,72,3,8,,,
c61a33b4-7b3f-46c7-b8b1-50bb7ca0109e,algid.associates,available,52,2,5,,,
d9e17dec-7994-473f-9f92-5b2fa057a265,algoid.associates,available,52,1,6,,,
e03b1a5b-7e58-4bf8-b0d4-47dee4bbadba,algolagnic.associates,available,48,1,10,,,
fa52564d-b52c-4ebc-ad90-6a4a956ba76a,algometric.associates,available,48,1,10,,,
2a84f526-fc5d-4bea-b5ee-6eb79695a201,algonkian.associates,available,70,1,9,,,
f1ec2d38-d1dc-420d-9bb0-dd3b34825558,algonkin.associates,available,66,2,8,,,
4252e280-2fb3-4b73-8047-b6bfd34564ad,algonquian.associates,available,70,1,10,,,
d7e3d17a-96d8-468f-900d-1d8bd2aa1587,algonquin.associates,available,66,7,9,,,
0e85bb43-afd3-466f-9828-00057a743a76,algophobic.associates,available,46,1,10,,,
49e3ab24-a136-4674-99db-b0441775e4a1,alien.associates,available,56,35,5,,,
acdb1a7e-9f68-49b4-8416-7c21819ed31d,alienable.associates,available,52,1,9,,,
5e42c064-62f2-4289-995e-f99d9e359bb1,alienate.associates,available,82,3,8,,,
8a55381d-d0dc-4b67-8ce0-35e3f5a13527,alienated.associates,available,44,4,9,,,
6d72bd61-3dad-4476-8aa0-fe541b74f752,alienating.associates,available,44,1,10,,,
aef73319-6bd9-4b45-be2f-585ae94e01d7,aliform.associates,available,56,3,7,,,
23c08e33-045e-481e-a588-35a223fd4a50,alight.associates,available,86,10,6,,,
49ab2536-dae8-499a-8fd1-7ced83ee6817,aligned.associates,available,58,26,7,,,
9a6bad52-7fa5-45c3-92e9-5b5ed8a08af9,aligning.associates,available,52,4,8,,,
d83f4285-f8e5-41de-83c4-71ae1e90a273,alike.associates,available,80,8,5,,,
6e91c79d-d13f-4858-aed3-2a76978780b4,alimental.associates,available,60,2,9,,,
ceaa96b7-78f6-4f74-9812-b1cb850ddfa7,alimentary.associates,available,62,3,10,,,
15308820-6405-40d6-bc75-77ecf41321c2,aliphatic.associates,available,64,1,9,,,
7ef86788-d73e-46db-b4f6-382aa665f838,aliquot.associates,available,96,3,7,,,
ea926f82-c45b-4192-a4fe-1b28c835cdc1,alive.associates,available,84,28,5,,,
3ade6548-5381-401a-a1b3-5e64d54edf8a,alkahestic.associates,available,46,1,10,,,
5199c917-2b68-495f-8a66-99c57611d3cc,alkalic.associates,available,50,1,7,,,
18f7575f-e573-44c1-905e-027cb6800ab1,alkaline.associates,available,88,9,8,,,
216859e3-441a-40a5-ae8b-30eea635777d,alkaliser.associates,available,66,1,9,,,
62304b7a-783a-4c3e-a091-9a5b8dd5c0f9,alkalizer.associates,available,66,2,9,,,
d00ef7b8-eb94-4ce5-907d-48cd5bf16707,alkaloidal.associates,available,46,1,10,,,
7cb21cb3-650f-46e5-8a65-679d663a627b,alkalotic.associates,available,54,1,9,,,
6409d305-706e-4af7-9e6d-639403200aca,alky.associates,available,56,4,4,,,
b5d8e303-00dd-48de-b68b-f294be50ef44,alkylic.associates,available,50,1,7,,,
95fa35dd-be85-4887-a758-97c8c859b79e,allantoic.associates,available,54,1,9,,,
27b0b012-60ce-4e61-b658-9fe68e2145ef,allantoid.associates,available,72,1,9,,,
a748793f-9063-42a6-9eca-2e6b2a929e7f,allargando.associates,available,44,1,10,,,
50b8ce7f-e201-4854-b95b-a5630fc6a634,alleged.associates,available,70,3,7,,,
0b250a20-9b5f-45e1-9b73-44611a12154e,allegiant.associates,available,66,8,9,,,
5379e39a-3fa9-486c-9c90-d86f268941d8,allegoric.associates,available,60,1,9,,,
3ef2359f-2996-4669-bd0f-5551bf92d9df,allegretto.associates,available,76,3,10,,,
e39bd1f3-b246-4990-8687-b3b1650da142,allegro.associates,available,100,26,7,,,
0d5e71d4-5ef5-4f59-8228-f9aa0cd6874a,allelic.associates,available,50,1,7,,,
4a0a40ee-f7a1-4cc8-91b3-ff4d3338b431,allergenic.associates,available,54,1,10,,,
31da73a7-c667-4c78-8c4a-5d2be6bfaf46,allergic.associates,available,84,3,8,,,
6c488b30-baf3-43a6-be1a-9e120fd37bc3,alleviated.associates,available,66,1,10,,,
9e59bfa9-d35c-4895-8144-3a22c9c186fd,allfired.associates,available,62,1,9,,,
8f030ec0-417c-4f8e-9057-adba27e5d63a,alliaceous.associates,available,54,1,10,,,
4b95c1ff-e9c0-49b8-8a6d-5ed810f77019,allmetal.associates,available,52,4,9,,,
7febca48-054e-4ddc-94c4-d507e3305edf,allnight.associates,available,54,4,9,,,
a773b3ff-095f-4b6f-bb6b-db4b671401bc,allocable.associates,available,54,1,9,,,
a3c4f2e3-22ba-4d76-b9a1-5676d89d4c4e,allogamous.associates,available,54,1,10,,,
afd5a3dc-bb06-4fef-b102-ac528b5142a1,allogeneic.associates,available,54,2,10,,,
52e1b7e4-c58e-48ba-ae00-8db87538423c,allomerous.associates,available,54,0,10,,,
cc2271db-c407-4349-ae8b-f4bf85279892,allometric.associates,available,54,1,10,,,
d7e6b8be-768b-4af5-9b6d-2f88c84b53ba,allopathic.associates,available,54,1,10,,,
60903600-cac5-43e3-a9da-73b043190f5d,allopatric.associates,available,54,0,10,,,
dcf2bea6-7205-4ba6-a562-7d5550ed91af,allophonic.associates,available,46,1,10,,,
ebcf691d-5234-4755-905f-ad23e3524582,allotropic.associates,available,46,1,10,,,
01c0627d-ce9f-440d-b038-a8143e3118b6,allotted.associates,available,62,1,8,,,
a6a5df74-36e0-481b-b871-74e918652da1,allout.associates,available,84,9,7,,,
d8e6ee1c-1f29-4971-9b58-72d933cd7f1c,allover.associates,available,58,9,8,,,
9cde584c-78f3-433f-b3a0-6c07efed2c3b,allow.associates,available,72,8,5,,,
1b3b1d95-7385-4b49-bac2-e6352a68064c,allowable.associates,available,82,1,9,,,
570678d2-06b0-4e3c-beca-2422ac9d01d8,alloyed.associates,available,58,4,7,,,
eab41609-2b29-4d34-91d5-296b950c6479,allright.associates,available,68,8,9,,,
caa41eaa-b8f6-49f5-a976-7eaf5036607f,alltime.associates,available,72,11,8,,,
cc644e33-6e3d-4b58-81a8-9e83504e733e,alluring.associates,available,88,5,8,,,
41901aed-7d08-419c-8536-7a3357817de6,allusive.associates,available,60,2,8,,,
282039da-7ee0-4d63-8705-35d1b3686ab6,alluvial.associates,available,82,4,8,,,
9e4c117d-3b03-4d77-925f-c468fb2d9fbb,allylic.associates,available,50,1,7,,,
db19762e-0403-4b38-91d6-f4457c2a78bd,almighty.associates,available,62,9,8,,,
8f2afa46-5355-40d3-a2f5-1aad8054a5fd,alone.associates,available,78,12,5,,,
de07f01f-6510-4747-927c-9a89ae055421,aloof.associates,available,66,5,5,,,
05db2d3b-0917-47f9-b332-439a185d97df,alopecic.associates,available,42,1,8,,,
770937d1-a79e-4075-a736-8b774c33f34d,alpestrine.associates,available,46,1,10,,,
8e686cf3-4d1c-45fc-b951-b94fcac3a109,alpha.associates,resell,90,48,5,"Spaceship, Inc.",20/01/2023 17:15,20/01/2026 17:15
718eee5a-e173-467a-ad5d-ff846809dda6,alphabetic.associates,available,66,2,10,,,
90a08312-8073-4e0c-b67f-4855c9131611,alphameric.associates,available,62,2,10,,,
4169691a-4687-4032-919c-d04cf41475fe,alpine.associates,available,70,17,6,,,
3c78871f-f56d-45ee-8a02-b635ec755c09,alright.associates,available,106,10,7,,,
0a501b3c-433d-477a-b44e-79554af8cc6e,alsatian.associates,available,58,2,8,,,
17e6d693-344d-4526-b985-e3cb3777ff1a,altaic.associates,available,54,2,6,,,
a225678b-8481-434d-a3c2-5a33d5cc252a,alterable.associates,available,80,2,9,,,
7355298c-1ac8-4033-84a9-1f5421b15560,alterative.associates,available,74,1,10,,,
48bd3789-4d05-440e-8e61-c01d928e6c1b,altered.associates,available,82,10,7,,,
43c65d20-a00c-46f3-a775-4ae3a336700a,alternate.associates,available,100,12,9,,,
72eb8cfe-e750-4ff8-be7d-773f6e1ff91a,altissimo.associates,available,54,6,9,,,
cd562257-47e7-4932-bb7e-402042ba94fc,alto.associates,available,56,28,4,,,
e12b15d4-72fa-49ab-994f-737660384263,altogether.associates,available,76,6,10,,,
ac708f71-8d04-4d98-b869-560f1291439c,altricial.associates,available,68,1,9,,,
2664f711-0ef8-4b64-b1f0-b98caf923ad4,altruistic.associates,available,74,6,10,,,
2aa5812e-2d02-4f54-800e-7c49fc6370ff,alular.associates,available,54,2,6,,,
fa56c5b6-065f-429a-b286-3407c74ddb6e,aluminous.associates,available,56,3,9,,,
5c320fe5-4818-4f8f-b433-3fe11332f652,alveolar.associates,available,80,1,8,,,
690f88e2-1cc4-4d82-8226-741682aff668,alveolate.associates,available,74,1,9,,,
6ae6c4e8-5d58-4226-b1db-977b6a4d3adf,alvine.associates,available,54,3,6,,,
23153736-6954-44c6-aff4-ec3c21d11607,amalgamate.associates,available,82,5,10,,,
7127952a-12e7-47d6-bf23-1c7c8d277a06,amateur.associates,available,84,18,7,,,
21afdc4e-842d-40e2-b551-bbfdc9e3fe87,amateurish.associates,available,52,1,10,,,
1b64e04d-98ab-4be1-af0a-3b7163ac5f5b,amative.associates,available,60,2,7,,,
d1ad9388-da71-4db0-904f-38a27b97b313,amatory.associates,available,60,2,7,,,
0a2de959-1243-41ca-87d1-433e662d511e,amaurotic.associates,available,46,1,9,,,
1586d5ff-b662-4661-89c3-9a946dc7b4e7,amazed.associates,available,72,5,6,,,
fb7d5fd5-8590-4f86-bcbe-2eb89a0d9b0a,amazing.associates,available,78,29,7,,,
eddcfd81-e5c2-44d5-a53b-644000e63fa7,ambagious.associates,available,48,1,9,,,
55210941-5342-453c-b105-9cb0031f8db0,amber.associates,available,62,29,5,,,
5d4b4a97-1ff8-4fe7-b238-5a164024cb6e,ambient.associates,available,78,26,7,,,
36149a5b-3196-4fed-8170-0789305f58c3,ambiguous.associates,available,58,7,9,,,
b26959f0-7530-4d08-a76c-2546b83d8125,ambitious.associates,available,68,13,9,,,
fb515453-f6d3-47dc-971e-73b6c21f6ba5,ambivalent.associates,available,43,4,10,,,
4caa2b6c-3bdc-4985-9e88-3add237f0310,amblyopic.associates,available,46,1,9,,,
9b770f15-389c-44e2-a5df-6ef740424b0b,ambrosial.associates,available,62,4,9,,,
8abbfcd0-7adb-4e27-b5e9-9c956c29a642,ambrosian.associates,available,72,2,9,,,
62d57666-f83c-4425-ba39-7c6594d4ba1b,ambulacral.associates,available,68,1,10,,,
f1dcfc03-c01f-4cee-aa8c-9bc70a2ab4dc,ambulant.associates,available,74,3,8,,,
39fc53d5-4044-4daa-b67d-a4e4595edf91,ambulatory.associates,available,74,2,10,,,
27da6f80-5502-4ea2-b1f0-a226fa468ec0,ameban.associates,available,52,2,6,,,
78f37380-009e-4b84-b9ac-97610c16d968,amebic.associates,available,56,1,6,,,
7d27aa18-b042-4d43-a91c-558d65b69ff6,ameboid.associates,available,74,1,7,,,
1f612bb7-7d05-49b6-89e0-5be6d8d33acf,amebous.associates,available,52,1,7,,,
54b8c427-fd87-4e7b-88ab-bcf98758d36a,amenable.associates,available,68,2,8,,,
4663b985-c277-4587-88f6-1d2a428e28bb,amendable.associates,available,68,1,9,,,
de76ee8f-6b69-4217-a205-e12e481b96d5,amendatory.associates,available,56,1,10,,,
23b7fa24-7a1e-43bb-9681-c328b3700929,amended.associates,available,60,3,7,,,
48b58a8b-8f41-47ca-9695-46d88435e2c6,amerciable.associates,available,54,1,10,,,
4d8dfa38-dddf-4f44-b35a-68eb6642a178,american.associates,available,98,33,8,,,
6db1e928-d7e0-4b15-aca0-4063605b5e88,amerind.associates,available,76,2,7,,,
9e5e6582-7836-422d-9e47-52059c31c3e5,amerindic.associates,available,54,1,9,,,
33217a1a-b12a-48dd-9c4f-a6c403404779,ametabolic.associates,available,50,1,10,,,
01ec1bb7-34db-41c3-a4ef-fe285942d8a4,amethyst.associates,available,58,19,8,,,
26f3f30b-1d03-4094-ae47-5f24674a8221,ametropic.associates,available,50,1,9,,,
e119cd19-f56c-4688-abd0-5d87ef151963,amharic.associates,available,54,4,7,,,
cefd96b8-edd1-408e-b0b2-166afdec0c13,amiable.associates,available,80,5,7,,,
a8ca8efc-ce84-4011-b76f-732060219912,amicable.associates,available,70,5,8,,,
53e4cfcc-be95-46fc-913b-5e4e0b7f59d9,amidship.associates,available,39,1,8,,,
0de57413-3364-4d85-8bd1-fd6a5d0ffecd,amidships.associates,available,59,1,9,,,
b973a194-c6a3-4484-a10e-e8e86a3f07b3,aminic.associates,available,50,1,6,,,
94a24171-2f06-4449-9419-0680f6ba25b7,amino.associates,available,76,10,5,,,
9401234e-9b9f-4b59-8196-cb36e28f0065,amiss.associates,available,84,4,5,,,
3603a130-46e8-46e4-a011-0b90ca581c7f,amitotic.associates,available,46,1,8,,,
6135c48d-6847-4583-ba5b-8c349500332f,ammino.associates,available,50,1,6,,,
e7b5ca61-d253-4680-aac6-57c745675b9c,ammoniac.associates,available,64,2,8,,,
7b167749-951d-4082-83df-7a8ae1bf3a7a,ammoniacal.associates,available,46,1,10,,,
574eeeda-5aba-470f-bc64-73bf2a5fb97d,ammoniated.associates,available,46,1,10,,,
d717502e-dfd2-47fb-9576-7394511a844f,ammonitic.associates,available,46,1,9,,,
22ec27d8-8eef-4244-91db-3dd43dac3bca,amnesiac.associates,available,50,3,8,,,
b2cd2018-ea6e-445c-b57f-b2b3f1a78682,amnesic.associates,available,68,3,7,,,
b9c34291-5f53-4b44-8167-888838e6c5ab,amnestic.associates,available,64,1,8,,,
a8306d1e-ce4b-43c0-9c16-2594cc3f4f4c,amnic.associates,available,50,4,5,,,
bf667d54-f37b-4090-aee7-8cfd87cc62c9,amnionic.associates,available,46,1,8,,,
e8bada6c-3b18-45ea-9a59-9249a530a5b1,amniotic.associates,available,46,2,8,,,
bc8d3859-e6e9-47b3-85e3-341ac423738c,amoeban.associates,available,52,1,7,,,
bcf4484d-827e-4a0b-8600-cc6a790d216f,amoebic.associates,available,56,2,7,,,
5c2059c7-5043-410f-9526-fa4681ca162a,amoeboid.associates,available,70,1,8,,,
23495374-64a3-4d8e-9063-3c2c26bd177b,amoebous.associates,available,48,1,8,,,
9030148f-966d-4e97-9b49-269284a48cba,amok.associates,available,81,11,4,,,
4a011e51-a2ee-4d1b-a7c8-eb7046074242,amoristic.associates,available,46,1,9,,,
0a863cce-d5b8-4220-9e13-74faa41445a5,amorous.associates,available,72,6,7,,,
59dc6635-9f38-47f8-808b-bb06c770dd27,amorphous.associates,available,50,6,9,,,
0de39c1b-5126-4dc5-9928-777e7ba456ac,amort.associates,available,48,4,5,,,
f085fdc9-ad52-441d-8450-d0be70131348,amphibian.associates,available,68,8,9,,,
5813849e-328d-4b53-8022-c9df47222df6,amphibious.associates,available,50,4,10,,,
2d8427fa-d965-4b3c-8951-ed62eb6f5639,amphoric.associates,available,46,2,8,,,
f3a1b434-7ff7-4269-8ba2-7c379e80317c,amphoteric.associates,available,46,1,10,,,
91e0f350-fe86-4c15-9b78-2b477fdf903b,ample.associates,available,60,20,5,,,
ccc89c1a-f103-455b-9c40-3ca8fa9bd5ac,ampullar.associates,available,46,1,8,,,
1c0ef447-0020-4d92-834b-e761407db7c0,ampullary.associates,available,46,1,9,,,
5a8abe0a-a960-40f2-a865-31a2b4e5873c,amuck.associates,available,61,2,5,,,
f5538523-89e9-4116-99ba-4c4323a0c557,amused.associates,available,66,5,6,,,
b59db2c3-0831-4095-885a-59ae7b01de78,amusing.associates,available,66,7,7,,,
790355f7-9256-4b5b-92ea-a400ce3398a2,amusive.associates,available,62,2,7,,,
7cb5b539-610c-468d-af56-d4308edf7bee,amygdaline.associates,available,64,1,10,,,
d929b9de-b700-4192-9123-d15a4446ffb1,amygdaloid.associates,available,64,1,10,,,
ed6edcc5-62e4-4e46-a8fd-1db9100ea135,amylaceous.associates,available,46,1,10,,,
c74aec61-70a0-4ee4-bd23-9cbc59200d1e,amyloid.associates,available,68,3,7,,,
ad17c2ed-fef6-4dbf-b590-e18381e07ba1,amyloidal.associates,available,46,1,9,,,
e10f09d3-0b71-450e-9737-79b1b92c977f,amylolytic.associates,available,64,1,10,,,
780a7d35-f0a9-4f82-8ade-481a5d7d96ea,anabatic.associates,available,64,2,8,,,
82baf5f4-5a40-4cb8-af48-09e8413762bb,anabiotic.associates,available,64,1,9,,,
1a2b832e-1baa-462b-8c7b-ef162d49ee2f,anabolic.associates,available,68,6,8,,,
ef27e64a-8658-47ab-b80f-d3afa3d2cfd5,anachronic.associates,available,46,3,10,,,
42a94353-764d-4672-aee6-38c5ce163a60,anaclinal.associates,available,46,1,9,,,
bb182454-13ec-4efa-90e7-5587ef404897,anaclitic.associates,available,46,1,9,,,
f0579c9a-b757-4a7c-bd74-0b6f19dc14f2,anadromous.associates,available,46,2,10,,,
f896a0f0-f267-4a65-bb69-193986b0e7d6,anaemic.associates,available,72,2,7,,,
969a41f5-c55f-419e-9c19-b43a5104395a,anaerobic.associates,available,50,1,9,,,
33347651-4aa1-4c3b-9aeb-0a30dd76ed61,anaglyphic.associates,available,64,2,10,,,
aa2efe3e-ee5f-4026-9edc-dcdaec537d52,anaglyptic.associates,available,46,1,10,,,
3775d8b7-4dad-4223-86eb-35a8f90f279a,anagogic.associates,available,46,2,8,,,
b517828d-5a3f-4b7a-b5af-531fc25ecbda,anagogical.associates,available,46,1,10,,,
e250d39f-a324-4b66-ac8b-d95b695d64dd,anal.associates,available,68,21,4,,,
6eb0fc16-6072-4c66-8ee4-521891cc3c0c,analeptic.associates,available,64,1,9,,,
27623580-df32-4f68-8dfc-43af07182fa7,analgesic.associates,available,68,2,9,,,
95b1cc64-031d-4792-a353-36cf307c4578,analgetic.associates,available,64,1,9,,,
86005fbc-0555-4ffd-ae5c-e4a01b1841c8,analogical.associates,available,46,3,10,,,
45cfea54-8250-4f06-bc88-9f7441f86c66,analogous.associates,available,50,3,9,,,
06d01281-d1f2-47af-a5f8-13e47572a1c1,analogue.associates,available,68,18,8,,,
a148d496-92cc-43a4-8ea8-48f9f2d6a0bd,analphabet.associates,available,64,1,10,,,
2feabe50-c786-47f1-95ff-f39662f32eae,analytic.associates,available,50,14,8,,,
6d4ea5b9-73f6-4b16-b4e9-19c3baeb38dc,analytical.associates,available,50,8,10,,,
e509b389-90e5-401c-913e-37504d3f1b53,analyzable.associates,available,46,1,10,,,
23d0915f-a1e9-4f48-a70d-45209413bcfe,analyzed.associates,available,46,4,8,,,
1aed2c4b-8f8a-4462-87a9-74822bba897c,anamnestic.associates,available,46,1,10,,,
b97ea06f-ec5a-4a53-96b5-5a33a56751ea,anamorphic.associates,available,46,4,10,,,
b7d00a30-a07e-4057-a4ca-1ffa89aec068,anapaestic.associates,available,64,1,10,,,
0f6a3703-2406-453a-8021-8254fd25686c,anapestic.associates,available,64,1,9,,,
e10549c3-2d45-42b0-bc8f-be2fe79ba653,anaphasic.associates,available,46,1,9,,,
a1e6e20e-989c-4247-9586-9fad5caef4cb,anaphoric.associates,available,41,1,9,,,
a8ab0373-7634-4815-9bbc-18fb38fc4455,anaplastic.associates,available,46,1,10,,,
0dbe30aa-027d-4b85-81db-46a850efc955,anarchic.associates,available,40,2,8,,,
c729ba61-7696-4afe-818b-faca710ca182,anarchical.associates,available,40,1,10,,,
a9ad096e-5d40-4c85-af25-40377bbda04a,anasarcous.associates,available,46,1,10,,,
6555eb86-f7fa-43df-b570-320bcbc33d3f,anatomic.associates,available,46,4,8,,,
498cd56f-917a-42b7-bf4e-c64172c6be06,anatomical.associates,available,46,3,10,,,
2a3cac47-d3a0-4adc-93a7-94dda5492af2,anatropous.associates,available,46,1,10,,,
bb6644ed-f660-46e9-b885-32020329227a,ancestor.associates,available,90,8,8,,,
e381aa32-0def-4ff8-9a87-58e5b33ac7c6,ancestral.associates,available,80,14,9,,,
f63ce56a-bdc1-40f6-a702-a32416811789,anchoritic.associates,available,46,1,10,,,
736c4fae-2aff-435b-8d79-491d7eedf739,ancient.associates,available,92,18,7,,,
e676b902-62d3-494b-834c-85bf3fb50e6a,ancillary.associates,available,76,7,9,,,
479d05de-81f8-45d7-a7b3-f1697a9bf6fa,andalusian.associates,available,72,3,10,,,
e118cdd9-4f46-41d6-a56a-4f099cef643d,andante.associates,available,78,9,7,,,
c1d0f130-6592-49b2-8712-a0c645eaa7cb,andantino.associates,available,60,3,9,,,
b9bc34e0-18b4-46d6-a2f8-437cf6ea6a48,andean.associates,available,76,6,6,,,
742582b9-eb3c-4311-9641-b0c76e7e697a,andorran.associates,available,72,1,8,,,
bbc4ac6a-78e3-476d-aa4e-c0e6300feeff,androgenic.associates,available,50,1,10,,,
eb73ee3d-9598-48ee-b085-b07cd833870d,ane.associates,available,68,12,3,,,
c4bac984-a1d3-4f68-9026-42e35f69103d,anecdotal.associates,available,56,10,9,,,
3f00d6b5-601d-47ff-a4cc-274d20b161a8,anecdotic.associates,available,50,1,9,,,
88d308fc-1942-4fc8-9186-a80f9ede10af,anechoic.associates,available,50,2,8,,,
c01c78da-7459-4efd-8d34-3e1c01b9006f,anemic.associates,available,72,3,6,,,
d63c6627-8155-41dc-a77d-a4280c4c4edc,aneroid.associates,available,72,5,7,,,
fb8e9272-a4f9-4d1f-897a-18d2b65efa7c,anesthetic.associates,available,68,1,10,,,
a91e8e11-b02f-4a60-9654-2e149ae52285,anestric.associates,available,48,1,8,,,
af34d21a-e0ce-4510-97b2-9217904fde51,anestrous.associates,available,48,1,9,,,
1786fda8-365e-40a0-93b2-ba9a527f733d,aneuploid.associates,available,59,1,9,,,
1c514e69-b568-47e9-a8b9-db8e42630589,aneurismal.associates,available,50,6,10,,,
b9a3466f-3d89-4952-82b5-0be8ebdeff16,aneurysmal.associates,available,50,2,10,,,
ad5a1952-7158-48d3-82e3-c547b44df50b,angelic.associates,available,80,13,7,,,
547c51ce-75d1-48b0-99ab-59fa4c3c9ea0,angelical.associates,available,68,3,9,,,
8ba0bb5b-66fd-4902-8167-59f2e6a76115,angered.associates,available,52,4,7,,,
3fe524b8-2d46-4220-823d-e396c9d632f3,anginal.associates,available,54,1,7,,,
b6feb507-8aa1-4888-9387-a0607881f610,anginose.associates,available,50,2,8,,,
59c5b275-1880-4db6-a6c4-8b8fec2dac0e,anginous.associates,available,50,1,8,,,
8e2cf0c8-dae5-4d8d-aa4a-28be4bb68400,angled.associates,available,58,4,6,,,
bc7a49b4-b194-4529-95ce-c79e1df0eab7,anglican.associates,available,72,10,8,,,
eca05891-7b2f-4f04-a62b-ec7e9122d874,angolan.associates,available,76,3,7,,,
e5f8df4e-2b04-4375-b665-52724cfdba7c,angry.associates,available,72,18,5,,,
edcdd95e-feea-4580-a747-d4b6de4e6850,anguillan.associates,available,72,2,9,,,
abdf5b59-f0d0-47f8-b28a-bcdab71bbfa7,anguine.associates,available,45,2,7,,,
9b0a0dbd-1a89-41f9-bb42-6adcec3f811e,anguished.associates,available,48,2,9,,,
dd7a0d5b-62ba-40a2-8f18-8f6c5ee459b3,angular.associates,available,86,20,7,,,
ae47bda6-fd2a-45e9-82e9-2842e449358b,angulate.associates,available,74,1,8,,,
fa65f3bd-177a-4408-bc05-de3144541d17,anhydrous.associates,available,44,2,9,,,
69ab9c79-2f7d-479a-a9e4-fa35b6838a6c,anicteric.associates,available,50,1,9,,,
0db5a31d-d03b-4959-a78f-367d8c132cc8,anile.associates,available,72,1,5,,,
d08ba1c0-6837-4305-a877-53a5805ad33e,animal.associates,available,92,27,6,,,
d278372f-8d22-4a72-b568-5a5f0069a721,animate.associates,available,88,14,7,,,
6cd002ad-344f-4dfe-b2b6-67b78bc2fb67,animated.associates,available,76,10,8,,,
2b551b14-b6db-44b2-9dcf-bf14c201026a,animating.associates,available,72,2,9,,,
493a4991-31f3-409d-b749-e484ef27cf0e,animist.associates,available,62,5,7,,,
a0bec2d2-9e67-40b8-81dc-fc8ebc856290,animistic.associates,available,54,3,9,,,
1efbd8a4-c957-4ece-8e8c-a4bb202ba919,anionic.associates,available,63,1,7,,,
12cab998-cb21-4095-b885-beda3745d835,anisogamic.associates,available,41,1,10,,,
af5b3d1e-51e9-433a-bddc-22d5d67f99f3,ankledeep.associates,available,54,1,10,,,
ae1ab711-23a0-434e-be36-339997b1e265,ankylotic.associates,available,50,1,9,,,
3093c1db-d000-4425-ac7c-2b605d031e2d,annalistic.associates,available,47,1,10,,,
084a3eeb-31b1-4965-ad27-065e45c3efc2,annelid.associates,available,63,2,7,,,
50e20473-65e1-44be-9a99-c5dcd8cd3c14,annelidan.associates,available,59,1,9,,,
96fdedf0-aef0-4b3c-b110-d90269cde3d7,annexal.associates,available,60,2,7,,,
98692a1a-a0a1-4eda-b5da-9ddcee512b9a,announced.associates,available,64,4,9,,,
730665fb-a047-4374-a086-fc7c7d666e9c,annoyance.associates,available,54,2,9,,,
ea9c7e18-f35f-469c-b139-7f3ad8355c20,annoyed.associates,available,58,4,7,,,
96422b5a-0d50-4ef1-a380-40dac27be4df,annoying.associates,available,72,8,8,,,
e6f308c3-b049-4cff-8227-302fdf4bceb4,annual.associates,available,92,6,6,,,
f6d2d039-bb92-48ff-9aae-fda7adff94ad,annular.associates,available,54,3,7,,,
b80a58e7-da21-4563-a978-249b22dd2c43,annulate.associates,available,68,1,8,,,
1bad0298-a860-4c97-b612-a48117464414,annulated.associates,available,50,1,9,,,
e241e90a-100b-412c-adb8-526822e6d564,anodal.associates,available,60,2,6,,,
4f64a225-fea7-45e6-b12f-4679b2b40edf,anodic.associates,available,60,2,6,,,
6f65cd0f-90d9-4a72-a7cc-cc8288d80839,anodyne.associates,available,72,9,7,,,
e7ab094a-98a4-4e5c-bfd0-f217686a1f40,anoestrous.associates,available,41,1,10,,,
75effd9a-532a-4d76-bca5-bb0a0afd3690,anomalous.associates,available,58,11,9,,,
4a9b5243-8e50-4c4a-8246-4b77e94a5a22,anomic.associates,available,41,4,6,,,
4a2e1096-0eaa-4e2d-8b30-73ca09687dc6,anopheline.associates,available,70,1,10,,,
af87e893-3dd2-4a74-9f59-b8ea2ec8352a,anorectal.associates,available,50,1,9,,,
eb8f7071-bec9-44d2-94e2-a73e1fb1ca13,anorectic.associates,available,70,1,9,,,
adee0d90-1a0f-46a1-9360-9dea83e187df,anorexic.associates,available,70,2,8,,,
6fc91a32-4f09-4054-ad13-51e0752434b6,anorthic.associates,available,50,1,8,,,
00932155-1933-4e7b-b423-4ff8184dab23,anorthitic.associates,available,50,1,10,,,
050b25b0-a59b-4211-bc1b-b9c3af0c8c51,anosmatic.associates,available,44,1,9,,,
f1bb998b-658b-43bd-a011-625434280b6f,anosmic.associates,available,66,3,7,,,
943b5eff-c3b6-4962-802d-0b6fb03d5c1f,anoxemic.associates,available,44,1,8,,,
87cf12ca-8edf-447a-968f-06351dc2fc4e,anoxic.associates,available,48,2,6,,,
d6764be3-533d-4a3a-90bf-24310ed7b60e,anserine.associates,available,68,1,8,,,
231ebfb9-5b84-4658-8ae4-43989e0b6922,answerable.associates,available,70,2,10,,,
23b94b7f-5ace-4a71-a08a-19eb9fd25f19,answering.associates,available,74,4,9,,,
95f34ef3-2c56-41e0-b45a-fc0d7547decc,antacid.associates,available,88,2,7,,,
63497295-e906-463d-9054-d747b7b8c4a6,antarctic.associates,available,66,8,9,,,
4d2f6eba-dcff-4fb4-8386-a0339d7234c8,antebellum.associates,available,56,3,10,,,
8f04c967-ea1c-46cd-80d2-85f295fac713,antecedent.associates,available,78,4,10,,,
74bbf726-1997-49f2-93ac-ea1783ea0b35,antemortem.associates,available,64,2,10,,,
48180511-d341-4914-b968-6cdcf0251479,antenatal.associates,available,70,2,9,,,
b66d7d45-5e9d-4cd4-8e7e-74e4fc7bee27,antennal.associates,available,56,1,8,,,
b90d6957-d70b-4ca8-b3a5-28228e60ccb5,antennary.associates,available,56,1,9,,,
516129f1-cbcc-4f45-a0f4-cd77a9c1b1ba,antepartum.associates,available,70,1,10,,,
29819997-791f-4b8c-8d13-18667a73d161,antepenult.associates,available,50,1,10,,,
bf848fb8-0059-4ce2-b29f-c3bdce0daeca,anterior.associates,available,60,3,8,,,
ffb7e2a5-0b10-40dd-b455-6be01f7d2f9a,antheral.associates,available,50,1,8,,,
b4843d9d-76aa-4802-92b4-f5b10ccd7db2,anthropic.associates,available,49,15,9,,,
62de55f0-c243-4597-b2ca-494d1fd6063a,anthropoid.associates,available,74,3,10,,,
3d017e2c-4a4d-4f99-ad01-fd502d7e9dfc,anti.associates,available,82,29,4,,,
3d384385-397e-4bc1-9f79-46f6e9b754c4,antiacid.associates,available,70,1,8,,,
c0f8b2df-810a-4e88-8bd7-36daba6bec33,antibiotic.associates,available,88,5,10,,,
1e7211b2-9549-4ad4-84a0-b75c368155ec,antiblack.associates,available,36,2,9,,,
02593008-83c1-4c1d-8794-7797456ed9c0,antic.associates,available,92,8,5,,,
7f9580d3-ffd0-49b9-a479-258fac1da739,anticancer.associates,available,70,5,10,,,
cb0cf9ce-b963-4771-8a98-f17807679cfa,anticipant.associates,available,60,1,10,,,
2081fb74-c0d3-4de5-8fad-c847996d299a,anticlinal.associates,available,68,1,10,,,
a387ce6b-440b-4fb6-b4f9-cfdd4f955135,antidotal.associates,available,56,2,9,,,
7f17bcc7-0a66-470e-9e31-7eefa95310e3,antidromic.associates,available,50,1,10,,,
8d7625b6-7f17-4cbb-aaa7-8f1db876efa9,antifungal.associates,available,74,3,10,,,
4c509785-25fa-426a-94ac-9d4e8784ea31,antigenic.associates,available,56,3,9,,,
5d540c80-ef04-43c5-80a7-799d53d8405e,antiguan.associates,available,74,1,8,,,
b798ee75-85c9-4b3b-8ce6-e2e2e8ed9cd0,antiknock.associates,available,74,1,9,,,
90d767ad-8526-4daf-8b0a-b8edd06de679,antimonial.associates,available,64,1,10,,,
8bd7b043-2ed8-4fad-953c-e7b703f8c945,antimonic.associates,available,46,1,9,,,
1f72628c-ec41-4be6-8ec5-be2f9f5914b7,antinomian.associates,available,64,1,10,,,
6341c015-a85c-4d57-8600-0bcf59e97f36,antiphonal.associates,available,64,1,10,,,
c4a29510-da5b-456e-8a20-7bdba6eba198,antipodal.associates,available,64,2,9,,,
e89e7a04-4dc6-476b-9832-3ecfbae325ed,antipodean.associates,available,64,4,10,,,
7a51424d-0f7b-4b85-8f1f-08a2ae0cc429,antiquary.associates,available,68,2,9,,,
07293c50-db74-444f-9d88-a05920919239,antiquated.associates,available,58,3,10,,,
d63fef6d-5e12-416a-9764-2dd14e724ad6,antique.associates,available,72,14,7,,,
41418871-bebc-436d-abd0-7299f3ddab40,antiseptic.associates,available,88,2,10,,,
695fc9d4-1eaf-4f39-a143-405016f4303d,antisocial.associates,available,59,14,10,,,
98dba4fd-f3b5-444b-bfd2-cf63a11082d3,antitank.associates,available,46,1,8,,,
40361c8b-148e-4f05-ab43-813e967965ce,antithetic.associates,available,68,1,10,,,
6ee92960-e939-4853-b713-d039315ef36a,antitoxic.associates,available,46,1,9,,,
5e6ec9c7-bb79-44f8-8f31-bcf0f52e95aa,antitrust.associates,available,54,6,9,,,
076218a1-9d8d-4bc7-b679-b18628e07249,antitumor.associates,available,88,1,9,,,
5edebc58-87e7-498c-b494-66c5351afcda,antitumour.associates,available,70,1,10,,,
984bb0b7-2fc7-4fc1-b1c8-97fdf090fb71,antitypic.associates,available,46,1,9,,,
40b7f990-ebea-4e19-96b3-ee8cdc52c038,antiviral.associates,available,76,4,9,,,
d052753b-c9f2-4dc8-94fa-bc54c13d427c,antlered.associates,available,47,1,8,,,
393fa497-d5ac-4a98-aef2-87506cc7d56b,antonymous.associates,available,46,2,10,,,
4aaabfde-9825-4ac1-ad6c-dac80355a14d,antrorse.associates,available,41,1,8,,,
eb7bb255-f59e-488d-b735-2f8bda680ca1,antsy.associates,available,53,4,5,,,
52b7df88-d1b0-4b0d-b13b-15f2faa3197a,anuran.associates,available,63,2,6,,,
655520b6-d881-4ab1-ad33-dfb34ca37ee3,anuretic.associates,available,46,1,8,,,
57a0f622-2d8a-4ed8-a1ac-de19a754ed2d,anuric.associates,available,50,1,6,,,
8226d613-e8e5-41fc-9eee-90693f93abb1,anurous.associates,available,50,1,7,,,
29548bee-7f60-49c7-8e3f-afb348ef3946,anxiolytic.associates,available,80,1,10,,,
b69a5af6-5bf4-4d6a-8f31-2fb0c48a83e2,any.associates,available,80,38,3,,,
2495cd2a-1fc3-407e-80bb-4776e36569a8,aone.associates,available,56,16,5,,,
5f1b3ea3-73c8-477f-aad1-8bd3bddb3c32,aoristic.associates,available,46,1,8,,,
2f269338-4566-4d2c-aedf-47d35c878507,aortal.associates,available,50,2,6,,,
eb17559c-2a1b-4ef5-8604-127d6e4e2819,aortic.associates,available,54,3,6,,,
2d006201-e829-4efd-9a10-91792c96fd53,apart.associates,available,78,13,5,,,
1cb049e7-40e1-4d08-83e0-2cafd7aed05d,apathetic.associates,available,41,3,9,,,
84340c75-469c-4a75-82e6-cd52d1727944,ape.associates,available,64,39,3,,,
0d451959-7031-45e2-b13d-b59cae7a2d26,apelike.associates,available,60,2,7,,,
93611ecf-b58f-4da3-b50e-c7cb5a0ce20f,aperient.associates,available,64,1,8,,,
fc3c9a74-22ec-4a0f-bad9-c38f5b933e1b,aperiodic.associates,available,46,2,9,,,
6666249d-76b1-438f-b302-19e021ea92ae,apetalous.associates,available,41,1,9,,,
3caa17c3-61cf-4166-a05f-a9ecb672ac4c,aphaeretic.associates,available,45,1,10,,,
7f480cdd-2fa4-4212-a970-a0e33f582711,aphakic.associates,available,68,2,7,,,
1731287a-d82c-4807-8ce6-d7d583c9aa8d,aphanitic.associates,available,45,2,9,,,
215bc907-c17e-439e-8ea1-d253dcc4efe3,aphasic.associates,available,68,2,7,,,
e7b92ba6-2fab-4d2f-a52f-3a124887bb14,apheretic.associates,available,45,1,9,,,
7925537c-4f84-40df-8743-27ca4ccfabd3,aphetic.associates,available,49,1,7,,,
a97e47e6-b814-45f2-8348-89a82f759bdd,aphonic.associates,available,63,2,7,,,
71d7d986-3230-4bf0-bd80-61a5ff682aa3,aphoristic.associates,available,47,1,10,,,
fee42dc5-7c58-45f9-b1f5-3bacb118915b,aphotic.associates,available,45,4,7,,,
2a1184e7-bf8a-48ee-8ab5-02d868dccdab,aphyllous.associates,available,41,1,9,,,
98c9d9f1-65ed-4f2a-a9ae-309efffab220,apian.associates,available,69,4,5,,,
16178846-bda7-4088-ad5a-ac64d563e19c,apiarian.associates,available,64,2,8,,,
5b8befe1-2bd0-4420-8826-55aaa9f515c1,apical.associates,available,72,5,6,,,
93317add-b06d-41a2-b774-29fc1dd9a39e,apiculate.associates,available,41,1,9,,,
d0394d7c-d95f-4f75-be58-866801da759e,apish.associates,available,54,2,5,,,
b70a169c-820e-4d5c-a11e-a5906eaf0f25,apivorous.associates,available,41,1,9,,,
632656e0-b7e4-45d8-99f9-f4a7d2b55961,aplacental.associates,available,46,1,10,,,
5226e298-9ce7-4441-82dd-494422ea480e,aplanatic.associates,available,41,1,9,,,
7c99e266-f1b1-47fc-a99c-d95cc1694be2,aplitic.associates,available,49,1,7,,,
313f706e-6e7d-4d40-83eb-ccf3ab8e5b06,apneic.associates,available,50,1,6,,,
6245c9a7-9c73-448e-9279-f78ea3d57800,apnoeic.associates,available,50,1,7,,,
3f1ab285-6856-4add-a851-94b16d97a4d3,apocarpous.associates,available,41,1,10,,,
104726ef-6aa2-452c-8e61-5dc2be3c85bc,apocrine.associates,available,46,1,8,,,
48dbc69b-2c2e-4fca-9ba3-49c2a89ac7a7,apocryphal.associates,available,54,3,10,,,
785da193-ef75-4836-8eb6-3829f54c83d3,apodal.associates,available,63,1,6,,,
ca1e553c-b50e-4feb-8b43-43ed201617b1,apodeictic.associates,available,45,1,10,,,
30a9a05e-3b20-462a-9f92-1049ab85a6c2,apodictic.associates,available,45,1,9,,,
e8445d00-9228-439e-b249-bb5569ad005a,apodous.associates,available,45,1,7,,,
6924759a-0536-4004-9b50-8a33a5649ebc,apogametic.associates,available,41,1,10,,,
928d118e-4579-4df1-9018-6aee1b847d1a,apogamic.associates,available,41,1,8,,,
d055d5af-b370-4637-a9f0-c5adcd9fcf44,apogamous.associates,available,41,1,9,,,
87b2fdef-7723-445d-89ec-4d195170c646,apogean.associates,available,50,3,7,,,
7c9c056f-d2ab-4476-9d76-1ad7021530d4,apolitical.associates,available,72,5,10,,,
117a17ef-7d98-438b-8d3a-ae25e8d196b6,apologetic.associates,available,58,2,10,,,
1ac1a30f-5b1d-4848-aa39-f286419ae251,apomictic.associates,available,46,1,9,,,
239035a6-4bc4-48df-9af1-024b3a6beaeb,apopemptic.associates,available,64,1,10,,,
fe06c849-a36f-4d47-8d8c-ae1c192ed37c,apophatic.associates,available,46,1,9,,,
eedaeb99-9a47-477d-891b-bdc4a7891135,apophyseal.associates,available,43,1,10,,,
395003f4-5c17-4e88-b6bb-2334bbb83d65,apoplectic.associates,available,64,2,10,,,
e8119090-2841-44b2-9c13-447c9b2d190c,apostate.associates,available,60,4,8,,,
60f755ab-7e50-4259-94d8-dc1db63853cb,apostolic.associates,available,47,6,9,,,
ac2fb704-53b9-4d2d-84f0-2ee6bf61be96,apothecial.associates,available,43,1,10,,,
afe5c52a-bd4b-493d-aa88-d379bd49dae6,apotropaic.associates,available,59,1,10,,,
f69552ef-a2fa-4c5d-b0a3-392c8f26f38d,appalled.associates,available,52,1,8,,,
e44531e4-b84e-4cbd-898c-927f23ea69af,appalling.associates,available,50,2,9,,,
42f4f932-6198-4502-a9aa-dd24766e66b8,appareled.associates,available,46,1,9,,,
dfbe8fd3-c89f-480f-95a5-80080adf309b,apparent.associates,available,58,6,8,,,
33bc49fe-b980-422f-ad41-a44f2d17b07b,appealable.associates,available,46,1,10,,,
e17a23f2-1809-4882-bc0d-121cf8a09aae,appealing.associates,available,78,3,9,,,
bf44a28d-5989-4ac6-8c76-dd0df8ed7f9f,appeasable.associates,available,46,1,10,,,
8912593e-03f1-4fb3-974a-1389f36d3d72,appellant.associates,available,64,2,9,,,
f313422a-09ee-4b22-bf17-50a96c8ab443,appellate.associates,available,50,5,9,,,
81773f5c-d7ba-43c6-b534-a615ae7f1638,appendaged.associates,available,43,1,10,,,
a1ffa85e-0870-427d-a600-ae81ad6f566b,appendant.associates,available,61,1,9,,,
774be4f2-7518-4098-b1a4-4a7c05c264d5,appetent.associates,available,47,1,8,,,
88ad3f5f-8dab-4f8e-a27e-ec70452d5bf6,appetising.associates,available,62,1,10,,,
570440a5-dd28-4fd6-9b1b-be827bbd244d,appetitive.associates,available,47,1,10,,,
42f96773-94df-436e-98cf-37bd89fe1609,appetizing.associates,available,80,3,10,,,
bac8ec4c-ed16-4a8c-a53f-5c4968550d22,applicable.associates,available,54,5,10,,,
32d140ef-64cc-4100-a449-e77d1b3b7ffb,applied.associates,available,58,17,7,,,
778717cd-d57c-48b5-a2a8-f3891870996f,appointed.associates,available,50,4,9,,,
f7d22fe9-61a5-4b08-8ac4-8487a62ca255,appointive.associates,available,46,2,10,,,
dbe20093-04da-4324-869c-63f3ee088466,apposable.associates,available,43,1,9,,,
176a1570-1112-41e7-b5d2-5bfae464fd4f,apposite.associates,available,68,5,8,,,
8957c0a3-118d-4525-9685-569e8dfb2719,appositive.associates,available,63,1,10,,,
f2faf723-535f-4289-9eb6-ba1beb3cd8c6,appressed.associates,available,56,1,9,,,
3c1214c7-606d-4027-b44f-6940652bd4f8,approach.associates,available,78,13,8,,,
34f908e1-8413-4808-bf50-65a8f6ba769c,approval.associates,available,64,8,8,,,
4b028dad-44bf-4549-8316-548f4ef81ee3,approved.associates,available,58,18,8,,,
468c8c7f-6594-409a-8c5b-8a1ef306bd08,approving.associates,available,54,2,9,,,
e42df3e8-18cf-4df4-9328-31d161d41d8b,apractic.associates,available,43,1,8,,,
7c1d6acf-fede-4720-8976-f67c76fc5509,apraxic.associates,available,47,1,7,,,
351bec54-1506-458a-bef5-4b39b766baa2,apriori.associates,available,48,14,8,,,
a3b946c6-5f3c-4505-9204-d728b6b5126c,apropos.associates,available,60,11,7,,,
306998ca-fd4a-4289-8182-a960d59134d8,apsidal.associates,available,47,2,7,,,
ec2e1066-2bfd-42bf-804f-f84f478eaef3,apt.associates,available,70,29,3,,,
a3a27f84-6929-4ed3-985b-4ac46bb05826,apteral.associates,available,47,1,7,,,
c262286a-9bba-421b-8bd0-7a7a792580fc,apterous.associates,available,43,1,8,,,
5a73130f-f5ba-4387-bd22-ca7a40f6a645,aquaphobic.associates,available,56,1,10,,,
80e5af97-ed32-4d03-8a1e-95bf09081102,aquatic.associates,available,76,13,7,,,
a554e157-94e6-4e1c-ac65-9b858d1da348,aqueous.associates,available,54,6,7,,,
ae350f5f-a76a-40af-a526-255d8ba0bfd6,aquiferous.associates,available,43,1,10,,,
e6d9f648-3def-4089-b3f9-402f2c2bb845,aquiline.associates,available,46,3,8,,,
7b85a7fd-634d-45c0-959a-fd0ff4d64a86,arab.associates,available,58,29,4,,,
9c1b431f-9f82-4847-bcc9-cb04841d27f9,arabian.associates,available,72,16,7,,,
b5ad77d1-85a5-40e6-a2a7-d2c46959cfef,arabic.associates,available,96,18,6,,,
38384c0d-ba0d-489b-89a5-c7ca22033a10,arable.associates,available,54,4,6,,,
f02efcc1-0486-4f51-a857-446e2f4a140f,araceous.associates,available,46,1,8,,,
1cad7f09-04fb-4606-ab3b-9929420a92ad,arachnoid.associates,available,64,2,9,,,
cfdba1d4-f39a-4740-b59f-87c59a49f049,aramaean.associates,available,74,1,8,,,
58d03497-8d56-48d3-a773-52526dce1f94,aramaic.associates,available,78,3,7,,,
45b2c903-b9d3-4ec9-9f58-b232775f0171,aramean.associates,available,78,2,7,,,
c1207013-f2ff-4b73-8ff6-b47ca7a1063b,araneidal.associates,available,46,1,9,,,
3232ee3f-2f4e-43b2-b35c-9e1b952d4a32,araneidan.associates,available,50,1,9,,,
8ce46df2-5ceb-4a8e-88ee-f5d5bb8d5ed6,arawak.associates,available,78,5,6,,,
5712a678-8244-40d4-a184-44ea21cb237b,arawakan.associates,available,46,1,8,,,
347e5ce8-fe48-4f36-964f-1bcf5d155d5c,arbitrable.associates,available,52,1,10,,,
786345c0-4745-4e8e-b724-0b36aaec90c9,arbitral.associates,available,46,2,8,,,
b443df3b-205f-4133-aa21-adefe76f3a43,arbitrary.associates,available,64,9,9,,,
a2e5b53a-071f-4d92-9d62-aaad9f57db2f,arborary.associates,available,52,1,8,,,
4a4c3bad-fe11-4e71-813c-bb0165d675aa,arboreal.associates,available,76,7,8,,,
760ca1d3-9d02-4d47-baae-437247047d1a,arboreous.associates,available,50,2,9,,,
d2e48e5d-84e8-4d83-967d-2f80c0ebe0c7,arboresque.associates,available,52,2,10,,,
a58ec2ad-2cdf-4ade-9da7-1f4eaa1ca167,arborical.associates,available,52,1,9,,,
f02c2b55-1baa-416e-9741-7ae7c01bfeb9,arboriform.associates,available,52,1,10,,,
19eb9440-b2c9-4ce9-b579-911a5c7547be,arborous.associates,available,52,1,8,,,
ccbe88e3-4fe0-4778-b113-d0bb96b2ead2,arcadian.associates,available,76,10,8,,,
68f45254-a45e-4869-8792-662db2bdf409,arced.associates,available,50,3,5,,,
03b63819-460b-4619-bfe3-1a435c2cbb93,arch.associates,available,64,34,4,,,
995c70cb-7003-4130-bf8f-7f3945eda925,archaean.associates,available,50,1,8,,,
f1e42503-3a81-4c66-9799-91f2622ec25d,archaic.associates,available,76,9,7,,,
0b2d60cc-2e2f-4006-b6f7-0ae909044786,archaist.associates,available,50,1,8,,,
329c335f-ed0d-41ea-a242-3a423ba0aaef,archaistic.associates,available,64,1,10,,,
fb50ef02-fd18-4e2b-a427-26b2f7b59b09,archducal.associates,available,45,1,9,,,
8df3be1f-9d4a-4bb1-b8bf-5297ab0af70d,archean.associates,available,60,4,7,,,
4234efcc-5531-4748-839d-d14b0619cdc7,arched.associates,available,51,3,6,,,
777f9b2b-ae5f-4b3b-b377-0c28feecd7d4,archeozoic.associates,available,56,1,10,,,
158b7413-c6a4-470f-af4b-447c0fdf49b9,archetypal.associates,available,56,4,10,,,
0bf7eb73-ed05-4b18-b9b8-eef98e1a5b00,arching.associates,available,68,2,7,,,
eae1fa52-c853-4932-b07d-9558c6438049,archival.associates,available,64,10,8,,,
1879cc11-d71c-4334-b324-bc7a3c9f79ad,archosaur.associates,available,50,2,9,,,
6a4a7938-19cf-4a9c-9e8d-c348083589ff,arciform.associates,available,46,1,8,,,
d6b97f27-1ff9-40c3-a038-2b06cbfe7032,arco.associates,available,45,19,4,,,
e9336f2a-4c4f-40b8-963d-e70b0a8da9f3,arctic.associates,available,82,26,6,,,
6e9801cd-f676-42b5-b905-297bb0a69c48,arcuate.associates,available,50,2,7,,,
79ca53e0-e27d-4ebd-9460-899d38d3e0dc,ardent.associates,available,66,19,6,,,
9edeb55c-0ae8-42b8-b6db-60441112aa1d,arduous.associates,available,60,3,7,,,
210750bc-e2a7-474e-96e5-06f22d31e9c9,areal.associates,available,50,11,5,,,
114dc7d0-46fa-4c31-90ca-0a35e9cbe734,arenaceous.associates,available,46,1,10,,,
6a2f6c79-689c-4f58-b145-a7ba06b4be6a,areolar.associates,available,50,1,7,,,
37ba91f9-f24d-4342-921f-d739dd8af71f,areolate.associates,available,46,1,8,,,
83a1249a-0ddf-4720-be28-59db374cb8fa,argentic.associates,available,46,3,8,,,
a11c321a-e77d-400b-8c36-06509c7678a8,argentine.associates,available,74,2,9,,,
1a44adac-b91d-4ed9-bf7a-c2f73867dcf7,argentous.associates,available,46,1,9,,,
c206bb92-5bdd-4c1c-b974-00bb974d7f28,argive.associates,available,68,2,6,,,
c553a8a6-e746-4659-af1a-109aa3e39db2,arguable.associates,available,50,2,8,,,
5dd82c62-6caf-4ff3-812e-4791617943b1,arguseyed.associates,available,46,1,10,,,
b57eba8b-b7fe-4867-bd5f-3e3248588762,arid.associates,available,50,7,4,,,
583f42a7-3693-47a7-b607-f61442189b96,ariled.associates,available,50,1,6,,,
c52e8fc7-c9c1-48b2-8a3d-d3092572b9cf,arillate.associates,available,46,1,8,,,
ae669b98-cbc6-45c8-b6fd-706a3032f9e4,ariose.associates,available,51,3,6,,,
bd2875e5-f8ee-4c9b-b92b-cb5b9ab6d743,arithmetic.associates,available,82,7,10,,,
65d2ce2e-d727-495c-8984-15b113d646de,armed.associates,available,70,10,5,,,
f17731a8-bf98-4640-a3ea-c8c75c969b31,armenian.associates,available,82,11,8,,,
da44cc6c-03e4-409f-ab9b-7d7a1fc8dc61,armillary.associates,available,52,3,9,,,
24831698-cb73-40ba-b093-3d7db88aa610,arminian.associates,available,64,1,8,,,
ddc5654a-ac18-4bea-8149-45ab537719c9,armless.associates,available,62,1,7,,,
9e90699a-a3af-4bca-af80-3d5b80e5370f,armlike.associates,available,54,2,7,,,
c7af0ff9-b0d2-4fb8-9bcc-57652dd8f6f4,armorclad.associates,available,52,2,10,,,
03f97b86-15a6-49d5-ad25-74c2b2745094,armored.associates,available,66,8,7,,,
d6029e75-d27f-4e7f-b8bd-64bd2157e3ee,armorial.associates,available,68,2,8,,,
1bad7879-a707-4c02-b046-3c59b275852e,armoured.associates,available,58,3,8,,,
9252aef8-b812-4516-a4f4-4701e82d2412,aroid.associates,available,54,3,5,,,
50df15be-9ecf-40b0-92b9-a9aac327bd76,aromatic.associates,available,92,6,8,,,
3d6e3639-d619-4023-bc48-3e442f0efd80,around.associates,available,94,21,6,,,
e1de845b-4c29-4453-9456-702f300c02a7,arouse.associates,available,74,5,6,,,
30236c99-6f79-49ff-968f-a5576930e68b,aroused.associates,available,68,3,7,,,
06f0e3f0-bfc2-47c3-a6be-bbcf7c79a432,arranged.associates,available,70,5,8,,,
184d5d4f-c2dd-48a3-9c81-099cab5e835e,arrayed.associates,available,58,3,7,,,
d77ac596-bc78-4d9e-bbd5-6e6c435aae25,arresting.associates,available,66,1,9,,,
4936b927-8ea8-416d-a06e-773121c565f4,arrhythmic.associates,available,50,1,10,,,
e0ec613f-ec6a-4abb-a294-bf17c907dc46,arrogant.associates,available,56,4,8,,,
fd5dfc57-71ab-4989-a983-6abcc5873462,arse.associates,available,44,7,4,,,
0a6b55cc-c086-4b83-947d-f5cf52f6bc9a,arsenical.associates,available,68,1,9,,,
9f74fac5-7afc-4107-a19d-292f37bc05c7,arsenious.associates,available,50,1,9,,,
bdec375d-1a05-4ce2-9f26-5938fdfd1d5f,arterial.associates,available,74,6,8,,,
b5258865-7934-4109-bee4-82361c661f68,arteriolar.associates,available,50,1,10,,,
de6fbc87-60e4-401f-b291-a5f1746eab5b,artesian.associates,available,50,6,8,,,
c5bab5b9-594e-43f8-b357-039b3fee49cd,artful.associates,available,66,13,6,,,
5c4a55f0-a270-4a02-addb-74de009e7447,arthralgic.associates,available,50,1,10,,,
ecf2def2-7be7-4b2e-b7c0-27d4e69cbfaf,arthritic.associates,available,74,2,9,,,
13838129-64de-4fd1-bcd6-c403e331a855,arthurian.associates,available,54,3,9,,,
13295c46-7307-4490-b607-7a1880f0807e,articled.associates,available,43,2,8,,,
e599d886-bf84-4e0c-ad0a-ad45aa962c14,articular.associates,available,50,4,9,,,
adff3aa4-6a07-4ea4-acfc-36c291826c4a,articulary.associates,available,68,1,10,,,
e8c644e1-8181-4502-ab8a-2a6d29cb66de,articulate.associates,available,102,17,10,,,
c86be328-4241-4d48-96d8-866aa1094a72,artificial.associates,available,68,29,10,,,
cad106b2-1570-4875-9f4b-69d087b2ef87,artistic.associates,available,78,20,8,,,
446280d8-3148-4f3a-a278-65026d977f60,artless.associates,available,62,7,7,,,
f2e3f299-e09e-46a2-84ca-4dce17a60556,arty.associates,available,56,15,4,,,
47e9c366-44b2-49e9-b17a-5c95be55f50e,arum.associates,available,53,6,4,,,
48f7a738-1a7b-4fef-a9a2-c1bac9adbd9d,aryan.associates,available,82,14,5,,,
81fde3bb-9a2f-4ebd-84d1-247f33c12b2c,asat.associates,available,54,5,4,,,
7199f240-8a46-4a06-a446-3fe7d36daf4b,ascendable.associates,available,50,3,10,,,
b495b10d-ffa4-492b-8ee0-a0d93b3b3fcb,ascendant.associates,available,69,17,9,,,
a6071ed1-513b-48e2-8cd4-519fd42b546c,ascendent.associates,available,69,5,9,,,
200860ef-535f-47d3-ac22-f03a826ba026,ascendible.associates,available,50,1,10,,,
b6c5dbbb-dae5-4391-b181-d65c0dd71847,ascending.associates,available,74,8,9,,,
699bafca-30e7-401a-a9c5-83a57afbacbb,ascensive.associates,available,50,2,9,,,